data length,10000
frequency,2500000
amp,1.000
offset,0.000
phase,0.000
,
,
,
,
,
,
,
xpos,value
,0.00000
,0.00031
,0.00063
,0.00094
,0.00126
,0.00157
,0.00189
,0.00220
,0.00251
,0.00283
,0.00314
,0.00346
,0.00377
,0.00408
,0.00440
,0.00471
,0.00503
,0.00534
,0.00566
,0.00597
,0.00628
,0.00660
,0.00691
,0.00723
,0.00754
,0.00785
,0.00817
,0.00848
,0.00880
,0.00911
,0.00943
,0.00974
,0.01005
,0.01037
,0.01068
,0.01100
,0.01131
,0.01162
,0.01194
,0.01225
,0.01257
,0.01288
,0.01319
,0.01351
,0.01382
,0.01414
,0.01445
,0.01476
,0.01508
,0.01539
,0.01571
,0.01602
,0.01634
,0.01665
,0.01696
,0.01728
,0.01759
,0.01791
,0.01822
,0.01853
,0.01885
,0.01916
,0.01947
,0.01979
,0.02010
,0.02042
,0.02073
,0.02104
,0.02136
,0.02167
,0.02199
,0.02230
,0.02261
,0.02293
,0.02324
,0.02356
,0.02387
,0.02418
,0.02450
,0.02481
,0.02512
,0.02544
,0.02575
,0.02607
,0.02638
,0.02669
,0.02701
,0.02732
,0.02763
,0.02795
,0.02826
,0.02858
,0.02889
,0.02920
,0.02952
,0.02983
,0.03014
,0.03046
,0.03077
,0.03108
,0.03140
,0.03171
,0.03203
,0.03234
,0.03265
,0.03297
,0.03328
,0.03359
,0.03391
,0.03422
,0.03453
,0.03485
,0.03516
,0.03547
,0.03579
,0.03610
,0.03641
,0.03673
,0.03704
,0.03735
,0.03767
,0.03798
,0.03829
,0.03861
,0.03892
,0.03923
,0.03955
,0.03986
,0.04017
,0.04049
,0.04080
,0.04111
,0.04143
,0.04174
,0.04205
,0.04236
,0.04268
,0.04299
,0.04330
,0.04362
,0.04393
,0.04424
,0.04456
,0.04487
,0.04518
,0.04549
,0.04581
,0.04612
,0.04643
,0.04675
,0.04706
,0.04737
,0.04768
,0.04800
,0.04831
,0.04862
,0.04894
,0.04925
,0.04956
,0.04987
,0.05019
,0.05050
,0.05081
,0.05112
,0.05144
,0.05175
,0.05206
,0.05237
,0.05269
,0.05300
,0.05331
,0.05362
,0.05394
,0.05425
,0.05456
,0.05487
,0.05518
,0.05550
,0.05581
,0.05612
,0.05643
,0.05675
,0.05706
,0.05737
,0.05768
,0.05799
,0.05831
,0.05862
,0.05893
,0.05924
,0.05955
,0.05987
,0.06018
,0.06049
,0.06080
,0.06111
,0.06143
,0.06174
,0.06205
,0.06236
,0.06267
,0.06298
,0.06330
,0.06361
,0.06392
,0.06423
,0.06454
,0.06485
,0.06517
,0.06548
,0.06579
,0.06610
,0.06641
,0.06672
,0.06703
,0.06735
,0.06766
,0.06797
,0.06828
,0.06859
,0.06890
,0.06921
,0.06952
,0.06984
,0.07015
,0.07046
,0.07077
,0.07108
,0.07139
,0.07170
,0.07201
,0.07232
,0.07263
,0.07295
,0.07326
,0.07357
,0.07388
,0.07419
,0.07450
,0.07481
,0.07512
,0.07543
,0.07574
,0.07605
,0.07636
,0.07667
,0.07698
,0.07729
,0.07760
,0.07791
,0.07822
,0.07854
,0.07885
,0.07916
,0.07947
,0.07978
,0.08009
,0.08040
,0.08071
,0.08102
,0.08133
,0.08164
,0.08195
,0.08226
,0.08257
,0.08288
,0.08319
,0.08350
,0.08381
,0.08412
,0.08443
,0.08473
,0.08504
,0.08535
,0.08566
,0.08597
,0.08628
,0.08659
,0.08690
,0.08721
,0.08752
,0.08783
,0.08814
,0.08845
,0.08876
,0.08907
,0.08938
,0.08968
,0.08999
,0.09030
,0.09061
,0.09092
,0.09123
,0.09154
,0.09185
,0.09216
,0.09247
,0.09277
,0.09308
,0.09339
,0.09370
,0.09401
,0.09432
,0.09463
,0.09493
,0.09524
,0.09555
,0.09586
,0.09617
,0.09648
,0.09678
,0.09709
,0.09740
,0.09771
,0.09802
,0.09833
,0.09863
,0.09894
,0.09925
,0.09956
,0.09986
,0.10017
,0.10048
,0.10079
,0.10110
,0.10140
,0.10171
,0.10202
,0.10233
,0.10263
,0.10294
,0.10325
,0.10356
,0.10386
,0.10417
,0.10448
,0.10479
,0.10509
,0.10540
,0.10571
,0.10601
,0.10632
,0.10663
,0.10693
,0.10724
,0.10755
,0.10786
,0.10816
,0.10847
,0.10878
,0.10908
,0.10939
,0.10970
,0.11000
,0.11031
,0.11061
,0.11092
,0.11123
,0.11153
,0.11184
,0.11215
,0.11245
,0.11276
,0.11306
,0.11337
,0.11368
,0.11398
,0.11429
,0.11459
,0.11490
,0.11521
,0.11551
,0.11582
,0.11612
,0.11643
,0.11673
,0.11704
,0.11735
,0.11765
,0.11796
,0.11826
,0.11857
,0.11887
,0.11918
,0.11948
,0.11979
,0.12009
,0.12040
,0.12070
,0.12101
,0.12131
,0.12162
,0.12192
,0.12223
,0.12253
,0.12283
,0.12314
,0.12344
,0.12375
,0.12405
,0.12436
,0.12466
,0.12497
,0.12527
,0.12557
,0.12588
,0.12618
,0.12649
,0.12679
,0.12709
,0.12740
,0.12770
,0.12801
,0.12831
,0.12861
,0.12892
,0.12922
,0.12952
,0.12983
,0.13013
,0.13043
,0.13074
,0.13104
,0.13134
,0.13165
,0.13195
,0.13225
,0.13256
,0.13286
,0.13316
,0.13346
,0.13377
,0.13407
,0.13437
,0.13467
,0.13498
,0.13528
,0.13558
,0.13588
,0.13619
,0.13649
,0.13679
,0.13709
,0.13740
,0.13770
,0.13800
,0.13830
,0.13860
,0.13891
,0.13921
,0.13951
,0.13981
,0.14011
,0.14041
,0.14072
,0.14102
,0.14132
,0.14162
,0.14192
,0.14222
,0.14252
,0.14282
,0.14313
,0.14343
,0.14373
,0.14403
,0.14433
,0.14463
,0.14493
,0.14523
,0.14553
,0.14583
,0.14613
,0.14643
,0.14673
,0.14703
,0.14733
,0.14763
,0.14794
,0.14824
,0.14854
,0.14884
,0.14914
,0.14943
,0.14973
,0.15003
,0.15033
,0.15063
,0.15093
,0.15123
,0.15153
,0.15183
,0.15213
,0.15243
,0.15273
,0.15303
,0.15333
,0.15363
,0.15393
,0.15422
,0.15452
,0.15482
,0.15512
,0.15542
,0.15572
,0.15602
,0.15632
,0.15661
,0.15691
,0.15721
,0.15751
,0.15781
,0.15810
,0.15840
,0.15870
,0.15900
,0.15930
,0.15959
,0.15989
,0.16019
,0.16049
,0.16078
,0.16108
,0.16138
,0.16168
,0.16197
,0.16227
,0.16257
,0.16287
,0.16316
,0.16346
,0.16376
,0.16405
,0.16435
,0.16465
,0.16494
,0.16524
,0.16554
,0.16583
,0.16613
,0.16643
,0.16672
,0.16702
,0.16731
,0.16761
,0.16791
,0.16820
,0.16850
,0.16879
,0.16909
,0.16939
,0.16968
,0.16998
,0.17027
,0.17057
,0.17086
,0.17116
,0.17145
,0.17175
,0.17204
,0.17234
,0.17263
,0.17293
,0.17322
,0.17352
,0.17381
,0.17411
,0.17440
,0.17470
,0.17499
,0.17528
,0.17558
,0.17587
,0.17617
,0.17646
,0.17675
,0.17705
,0.17734
,0.17764
,0.17793
,0.17822
,0.17852
,0.17881
,0.17910
,0.17940
,0.17969
,0.17998
,0.18028
,0.18057
,0.18086
,0.18115
,0.18145
,0.18174
,0.18203
,0.18233
,0.18262
,0.18291
,0.18320
,0.18350
,0.18379
,0.18408
,0.18437
,0.18466
,0.18496
,0.18525
,0.18554
,0.18583
,0.18612
,0.18641
,0.18671
,0.18700
,0.18729
,0.18758
,0.18787
,0.18816
,0.18845
,0.18874
,0.18904
,0.18933
,0.18962
,0.18991
,0.19020
,0.19049
,0.19078
,0.19107
,0.19136
,0.19165
,0.19194
,0.19223
,0.19252
,0.19281
,0.19310
,0.19339
,0.19368
,0.19397
,0.19426
,0.19455
,0.19484
,0.19513
,0.19542
,0.19571
,0.19599
,0.19628
,0.19657
,0.19686
,0.19715
,0.19744
,0.19773
,0.19802
,0.19830
,0.19859
,0.19888
,0.19917
,0.19946
,0.19975
,0.20003
,0.20032
,0.20061
,0.20090
,0.20118
,0.20147
,0.20176
,0.20205
,0.20233
,0.20262
,0.20291
,0.20320
,0.20348
,0.20377
,0.20406
,0.20434
,0.20463
,0.20492
,0.20520
,0.20549
,0.20578
,0.20606
,0.20635
,0.20664
,0.20692
,0.20721
,0.20749
,0.20778
,0.20806
,0.20835
,0.20864
,0.20892
,0.20921
,0.20949
,0.20978
,0.21006
,0.21035
,0.21063
,0.21092
,0.21120
,0.21149
,0.21177
,0.21206
,0.21234
,0.21263
,0.21291
,0.21319
,0.21348
,0.21376
,0.21405
,0.21433
,0.21461
,0.21490
,0.21518
,0.21546
,0.21575
,0.21603
,0.21631
,0.21660
,0.21688
,0.21716
,0.21745
,0.21773
,0.21801
,0.21830
,0.21858
,0.21886
,0.21914
,0.21943
,0.21971
,0.21999
,0.22027
,0.22055
,0.22084
,0.22112
,0.22140
,0.22168
,0.22196
,0.22224
,0.22253
,0.22281
,0.22309
,0.22337
,0.22365
,0.22393
,0.22421
,0.22449
,0.22477
,0.22505
,0.22534
,0.22562
,0.22590
,0.22618
,0.22646
,0.22674
,0.22702
,0.22730
,0.22758
,0.22786
,0.22814
,0.22841
,0.22869
,0.22897
,0.22925
,0.22953
,0.22981
,0.23009
,0.23037
,0.23065
,0.23093
,0.23121
,0.23148
,0.23176
,0.23204
,0.23232
,0.23260
,0.23288
,0.23315
,0.23343
,0.23371
,0.23399
,0.23426
,0.23454
,0.23482
,0.23510
,0.23537
,0.23565
,0.23593
,0.23620
,0.23648
,0.23676
,0.23704
,0.23731
,0.23759
,0.23786
,0.23814
,0.23842
,0.23869
,0.23897
,0.23925
,0.23952
,0.23980
,0.24007
,0.24035
,0.24062
,0.24090
,0.24117
,0.24145
,0.24172
,0.24200
,0.24227
,0.24255
,0.24282
,0.24310
,0.24337
,0.24365
,0.24392
,0.24420
,0.24447
,0.24474
,0.24502
,0.24529
,0.24557
,0.24584
,0.24611
,0.24639
,0.24666
,0.24693
,0.24721
,0.24748
,0.24775
,0.24802
,0.24830
,0.24857
,0.24884
,0.24912
,0.24939
,0.24966
,0.24993
,0.25020
,0.25048
,0.25075
,0.25102
,0.25129
,0.25156
,0.25183
,0.25211
,0.25238
,0.25265
,0.25292
,0.25319
,0.25346
,0.25373
,0.25400
,0.25427
,0.25454
,0.25481
,0.25508
,0.25535
,0.25562
,0.25589
,0.25616
,0.25643
,0.25670
,0.25697
,0.25724
,0.25751
,0.25778
,0.25805
,0.25832
,0.25859
,0.25886
,0.25913
,0.25940
,0.25966
,0.25993
,0.26020
,0.26047
,0.26074
,0.26100
,0.26127
,0.26154
,0.26181
,0.26208
,0.26234
,0.26261
,0.26288
,0.26315
,0.26341
,0.26368
,0.26395
,0.26421
,0.26448
,0.26475
,0.26501
,0.26528
,0.26555
,0.26581
,0.26608
,0.26634
,0.26661
,0.26688
,0.26714
,0.26741
,0.26767
,0.26794
,0.26820
,0.26847
,0.26873
,0.26900
,0.26926
,0.26953
,0.26979
,0.27006
,0.27032
,0.27058
,0.27085
,0.27111
,0.27138
,0.27164
,0.27190
,0.27217
,0.27243
,0.27269
,0.27296
,0.27322
,0.27348
,0.27375
,0.27401
,0.27427
,0.27454
,0.27480
,0.27506
,0.27532
,0.27559
,0.27585
,0.27611
,0.27637
,0.27663
,0.27689
,0.27716
,0.27742
,0.27768
,0.27794
,0.27820
,0.27846
,0.27872
,0.27898
,0.27924
,0.27951
,0.27977
,0.28003
,0.28029
,0.28055
,0.28081
,0.28107
,0.28133
,0.28159
,0.28185
,0.28210
,0.28236
,0.28262
,0.28288
,0.28314
,0.28340
,0.28366
,0.28392
,0.28418
,0.28444
,0.28469
,0.28495
,0.28521
,0.28547
,0.28573
,0.28598
,0.28624
,0.28650
,0.28676
,0.28701
,0.28727
,0.28753
,0.28778
,0.28804
,0.28830
,0.28855
,0.28881
,0.28907
,0.28932
,0.28958
,0.28984
,0.29009
,0.29035
,0.29060
,0.29086
,0.29112
,0.29137
,0.29163
,0.29188
,0.29214
,0.29239
,0.29265
,0.29290
,0.29316
,0.29341
,0.29366
,0.29392
,0.29417
,0.29443
,0.29468
,0.29493
,0.29519
,0.29544
,0.29569
,0.29595
,0.29620
,0.29645
,0.29671
,0.29696
,0.29721
,0.29747
,0.29772
,0.29797
,0.29822
,0.29847
,0.29873
,0.29898
,0.29923
,0.29948
,0.29973
,0.29998
,0.30024
,0.30049
,0.30074
,0.30099
,0.30124
,0.30149
,0.30174
,0.30199
,0.30224
,0.30249
,0.30274
,0.30299
,0.30324
,0.30349
,0.30374
,0.30399
,0.30424
,0.30449
,0.30474
,0.30499
,0.30524
,0.30549
,0.30573
,0.30598
,0.30623
,0.30648
,0.30673
,0.30698
,0.30722
,0.30747
,0.30772
,0.30797
,0.30821
,0.30846
,0.30871
,0.30896
,0.30920
,0.30945
,0.30970
,0.30994
,0.31019
,0.31044
,0.31068
,0.31093
,0.31117
,0.31142
,0.31167
,0.31191
,0.31216
,0.31240
,0.31265
,0.31289
,0.31314
,0.31338
,0.31363
,0.31387
,0.31412
,0.31436
,0.31461
,0.31485
,0.31509
,0.31534
,0.31558
,0.31582
,0.31607
,0.31631
,0.31655
,0.31680
,0.31704
,0.31728
,0.31753
,0.31777
,0.31801
,0.31825
,0.31850
,0.31874
,0.31898
,0.31922
,0.31946
,0.31971
,0.31995
,0.32019
,0.32043
,0.32067
,0.32091
,0.32115
,0.32139
,0.32163
,0.32187
,0.32212
,0.32236
,0.32260
,0.32284
,0.32308
,0.32332
,0.32355
,0.32379
,0.32403
,0.32427
,0.32451
,0.32475
,0.32499
,0.32523
,0.32547
,0.32571
,0.32594
,0.32618
,0.32642
,0.32666
,0.32690
,0.32713
,0.32737
,0.32761
,0.32785
,0.32808
,0.32832
,0.32856
,0.32879
,0.32903
,0.32927
,0.32950
,0.32974
,0.32998
,0.33021
,0.33045
,0.33068
,0.33092
,0.33115
,0.33139
,0.33162
,0.33186
,0.33209
,0.33233
,0.33256
,0.33280
,0.33303
,0.33327
,0.33350
,0.33374
,0.33397
,0.33420
,0.33444
,0.33467
,0.33490
,0.33514
,0.33537
,0.33560
,0.33584
,0.33607
,0.33630
,0.33653
,0.33677
,0.33700
,0.33723
,0.33746
,0.33769
,0.33793
,0.33816
,0.33839
,0.33862
,0.33885
,0.33908
,0.33931
,0.33954
,0.33977
,0.34000
,0.34023
,0.34046
,0.34069
,0.34092
,0.34115
,0.34138
,0.34161
,0.34184
,0.34207
,0.34230
,0.34253
,0.34276
,0.34299
,0.34322
,0.34344
,0.34367
,0.34390
,0.34413
,0.34436
,0.34458
,0.34481
,0.34504
,0.34527
,0.34549
,0.34572
,0.34595
,0.34617
,0.34640
,0.34663
,0.34685
,0.34708
,0.34731
,0.34753
,0.34776
,0.34798
,0.34821
,0.34843
,0.34866
,0.34889
,0.34911
,0.34934
,0.34956
,0.34978
,0.35001
,0.35023
,0.35046
,0.35068
,0.35091
,0.35113
,0.35135
,0.35158
,0.35180
,0.35202
,0.35225
,0.35247
,0.35269
,0.35291
,0.35314
,0.35336
,0.35358
,0.35380
,0.35403
,0.35425
,0.35447
,0.35469
,0.35491
,0.35513
,0.35535
,0.35557
,0.35580
,0.35602
,0.35624
,0.35646
,0.35668
,0.35690
,0.35712
,0.35734
,0.35756
,0.35778
,0.35800
,0.35822
,0.35843
,0.35865
,0.35887
,0.35909
,0.35931
,0.35953
,0.35975
,0.35996
,0.36018
,0.36040
,0.36062
,0.36084
,0.36105
,0.36127
,0.36149
,0.36170
,0.36192
,0.36214
,0.36235
,0.36257
,0.36279
,0.36300
,0.36322
,0.36344
,0.36365
,0.36387
,0.36408
,0.36430
,0.36451
,0.36473
,0.36494
,0.36516
,0.36537
,0.36559
,0.36580
,0.36601
,0.36623
,0.36644
,0.36666
,0.36687
,0.36708
,0.36730
,0.36751
,0.36772
,0.36793
,0.36815
,0.36836
,0.36857
,0.36878
,0.36900
,0.36921
,0.36942
,0.36963
,0.36984
,0.37005
,0.37027
,0.37048
,0.37069
,0.37090
,0.37111
,0.37132
,0.37153
,0.37174
,0.37195
,0.37216
,0.37237
,0.37258
,0.37279
,0.37300
,0.37321
,0.37342
,0.37363
,0.37383
,0.37404
,0.37425
,0.37446
,0.37467
,0.37488
,0.37508
,0.37529
,0.37550
,0.37571
,0.37591
,0.37612
,0.37633
,0.37653
,0.37674
,0.37695
,0.37715
,0.37736
,0.37757
,0.37777
,0.37798
,0.37818
,0.37839
,0.37859
,0.37880
,0.37900
,0.37921
,0.37941
,0.37962
,0.37982
,0.38003
,0.38023
,0.38043
,0.38064
,0.38084
,0.38105
,0.38125
,0.38145
,0.38166
,0.38186
,0.38206
,0.38226
,0.38247
,0.38267
,0.38287
,0.38307
,0.38327
,0.38348
,0.38368
,0.38388
,0.38408
,0.38428
,0.38448
,0.38468
,0.38488
,0.38508
,0.38528
,0.38548
,0.38568
,0.38588
,0.38608
,0.38628
,0.38648
,0.38668
,0.38688
,0.38708
,0.38728
,0.38748
,0.38768
,0.38788
,0.38807
,0.38827
,0.38847
,0.38867
,0.38886
,0.38906
,0.38926
,0.38946
,0.38965
,0.38985
,0.39005
,0.39024
,0.39044
,0.39064
,0.39083
,0.39103
,0.39122
,0.39142
,0.39161
,0.39181
,0.39200
,0.39220
,0.39239
,0.39259
,0.39278
,0.39298
,0.39317
,0.39337
,0.39356
,0.39375
,0.39395
,0.39414
,0.39433
,0.39453
,0.39472
,0.39491
,0.39511
,0.39530
,0.39549
,0.39568
,0.39587
,0.39607
,0.39626
,0.39645
,0.39664
,0.39683
,0.39702
,0.39721
,0.39740
,0.39760
,0.39779
,0.39798
,0.39817
,0.39836
,0.39855
,0.39874
,0.39893
,0.39911
,0.39930
,0.39949
,0.39968
,0.39987
,0.40006
,0.40025
,0.40044
,0.40062
,0.40081
,0.40100
,0.40119
,0.40137
,0.40156
,0.40175
,0.40194
,0.40212
,0.40231
,0.40250
,0.40268
,0.40287
,0.40305
,0.40324
,0.40343
,0.40361
,0.40380
,0.40398
,0.40417
,0.40435
,0.40454
,0.40472
,0.40491
,0.40509
,0.40527
,0.40546
,0.40564
,0.40582
,0.40601
,0.40619
,0.40637
,0.40656
,0.40674
,0.40692
,0.40711
,0.40729
,0.40747
,0.40765
,0.40783
,0.40802
,0.40820
,0.40838
,0.40856
,0.40874
,0.40892
,0.40910
,0.40928
,0.40946
,0.40964
,0.40982
,0.41000
,0.41018
,0.41036
,0.41054
,0.41072
,0.41090
,0.41108
,0.41126
,0.41144
,0.41162
,0.41179
,0.41197
,0.41215
,0.41233
,0.41251
,0.41268
,0.41286
,0.41304
,0.41321
,0.41339
,0.41357
,0.41374
,0.41392
,0.41410
,0.41427
,0.41445
,0.41462
,0.41480
,0.41498
,0.41515
,0.41533
,0.41550
,0.41567
,0.41585
,0.41602
,0.41620
,0.41637
,0.41655
,0.41672
,0.41689
,0.41707
,0.41724
,0.41741
,0.41759
,0.41776
,0.41793
,0.41810
,0.41828
,0.41845
,0.41862
,0.41879
,0.41896
,0.41913
,0.41931
,0.41948
,0.41965
,0.41982
,0.41999
,0.42016
,0.42033
,0.42050
,0.42067
,0.42084
,0.42101
,0.42118
,0.42135
,0.42152
,0.42169
,0.42185
,0.42202
,0.42219
,0.42236
,0.42253
,0.42270
,0.42286
,0.42303
,0.42320
,0.42337
,0.42353
,0.42370
,0.42387
,0.42403
,0.42420
,0.42437
,0.42453
,0.42470
,0.42486
,0.42503
,0.42519
,0.42536
,0.42552
,0.42569
,0.42585
,0.42602
,0.42618
,0.42635
,0.42651
,0.42667
,0.42684
,0.42700
,0.42717
,0.42733
,0.42749
,0.42765
,0.42782
,0.42798
,0.42814
,0.42830
,0.42847
,0.42863
,0.42879
,0.42895
,0.42911
,0.42927
,0.42943
,0.42960
,0.42976
,0.42992
,0.43008
,0.43024
,0.43040
,0.43056
,0.43072
,0.43088
,0.43104
,0.43119
,0.43135
,0.43151
,0.43167
,0.43183
,0.43199
,0.43215
,0.43230
,0.43246
,0.43262
,0.43278
,0.43293
,0.43309
,0.43325
,0.43340
,0.43356
,0.43372
,0.43387
,0.43403
,0.43419
,0.43434
,0.43450
,0.43465
,0.43481
,0.43496
,0.43512
,0.43527
,0.43543
,0.43558
,0.43574
,0.43589
,0.43604
,0.43620
,0.43635
,0.43650
,0.43666
,0.43681
,0.43696
,0.43712
,0.43727
,0.43742
,0.43757
,0.43772
,0.43788
,0.43803
,0.43818
,0.43833
,0.43848
,0.43863
,0.43878
,0.43893
,0.43908
,0.43923
,0.43938
,0.43953
,0.43968
,0.43983
,0.43998
,0.44013
,0.44028
,0.44043
,0.44058
,0.44073
,0.44087
,0.44102
,0.44117
,0.44132
,0.44147
,0.44161
,0.44176
,0.44191
,0.44206
,0.44220
,0.44235
,0.44249
,0.44264
,0.44279
,0.44293
,0.44308
,0.44322
,0.44337
,0.44351
,0.44366
,0.44380
,0.44395
,0.44409
,0.44424
,0.44438
,0.44453
,0.44467
,0.44481
,0.44496
,0.44510
,0.44524
,0.44539
,0.44553
,0.44567
,0.44581
,0.44596
,0.44610
,0.44624
,0.44638
,0.44652
,0.44666
,0.44680
,0.44695
,0.44709
,0.44723
,0.44737
,0.44751
,0.44765
,0.44779
,0.44793
,0.44807
,0.44821
,0.44835
,0.44848
,0.44862
,0.44876
,0.44890
,0.44904
,0.44918
,0.44931
,0.44945
,0.44959
,0.44973
,0.44986
,0.45000
,0.45014
,0.45027
,0.45041
,0.45055
,0.45068
,0.45082
,0.45096
,0.45109
,0.45123
,0.45136
,0.45150
,0.45163
,0.45177
,0.45190
,0.45204
,0.45217
,0.45230
,0.45244
,0.45257
,0.45270
,0.45284
,0.45297
,0.45310
,0.45324
,0.45337
,0.45350
,0.45363
,0.45377
,0.45390
,0.45403
,0.45416
,0.45429
,0.45442
,0.45455
,0.45469
,0.45482
,0.45495
,0.45508
,0.45521
,0.45534
,0.45547
,0.45560
,0.45573
,0.45585
,0.45598
,0.45611
,0.45624
,0.45637
,0.45650
,0.45663
,0.45675
,0.45688
,0.45701
,0.45714
,0.45726
,0.45739
,0.45752
,0.45764
,0.45777
,0.45790
,0.45802
,0.45815
,0.45827
,0.45840
,0.45853
,0.45865
,0.45878
,0.45890
,0.45903
,0.45915
,0.45927
,0.45940
,0.45952
,0.45965
,0.45977
,0.45989
,0.46002
,0.46014
,0.46026
,0.46038
,0.46051
,0.46063
,0.46075
,0.46087
,0.46099
,0.46112
,0.46124
,0.46136
,0.46148
,0.46160
,0.46172
,0.46184
,0.46196
,0.46208
,0.46220
,0.46232
,0.46244
,0.46256
,0.46268
,0.46280
,0.46292
,0.46304
,0.46316
,0.46327
,0.46339
,0.46351
,0.46363
,0.46374
,0.46386
,0.46398
,0.46410
,0.46421
,0.46433
,0.46445
,0.46456
,0.46468
,0.46479
,0.46491
,0.46503
,0.46514
,0.46526
,0.46537
,0.46549
,0.46560
,0.46572
,0.46583
,0.46594
,0.46606
,0.46617
,0.46628
,0.46640
,0.46651
,0.46662
,0.46674
,0.46685
,0.46696
,0.46707
,0.46719
,0.46730
,0.46741
,0.46752
,0.46763
,0.46774
,0.46785
,0.46797
,0.46808
,0.46819
,0.46830
,0.46841
,0.46852
,0.46863
,0.46874
,0.46884
,0.46895
,0.46906
,0.46917
,0.46928
,0.46939
,0.46950
,0.46960
,0.46971
,0.46982
,0.46993
,0.47003
,0.47014
,0.47025
,0.47035
,0.47046
,0.47057
,0.47067
,0.47078
,0.47089
,0.47099
,0.47110
,0.47120
,0.47131
,0.47141
,0.47152
,0.47162
,0.47172
,0.47183
,0.47193
,0.47204
,0.47214
,0.47224
,0.47235
,0.47245
,0.47255
,0.47265
,0.47276
,0.47286
,0.47296
,0.47306
,0.47316
,0.47327
,0.47337
,0.47347
,0.47357
,0.47367
,0.47377
,0.47387
,0.47397
,0.47407
,0.47417
,0.47427
,0.47437
,0.47447
,0.47457
,0.47467
,0.47477
,0.47486
,0.47496
,0.47506
,0.47516
,0.47526
,0.47535
,0.47545
,0.47555
,0.47564
,0.47574
,0.47584
,0.47593
,0.47603
,0.47613
,0.47622
,0.47632
,0.47641
,0.47651
,0.47660
,0.47670
,0.47679
,0.47689
,0.47698
,0.47708
,0.47717
,0.47726
,0.47736
,0.47745
,0.47754
,0.47764
,0.47773
,0.47782
,0.47792
,0.47801
,0.47810
,0.47819
,0.47828
,0.47837
,0.47847
,0.47856
,0.47865
,0.47874
,0.47883
,0.47892
,0.47901
,0.47910
,0.47919
,0.47928
,0.47937
,0.47946
,0.47955
,0.47964
,0.47972
,0.47981
,0.47990
,0.47999
,0.48008
,0.48016
,0.48025
,0.48034
,0.48043
,0.48051
,0.48060
,0.48069
,0.48077
,0.48086
,0.48095
,0.48103
,0.48112
,0.48120
,0.48129
,0.48137
,0.48146
,0.48154
,0.48163
,0.48171
,0.48180
,0.48188
,0.48196
,0.48205
,0.48213
,0.48221
,0.48230
,0.48238
,0.48246
,0.48254
,0.48263
,0.48271
,0.48279
,0.48287
,0.48295
,0.48303
,0.48312
,0.48320
,0.48328
,0.48336
,0.48344
,0.48352
,0.48360
,0.48368
,0.48376
,0.48384
,0.48392
,0.48399
,0.48407
,0.48415
,0.48423
,0.48431
,0.48439
,0.48446
,0.48454
,0.48462
,0.48470
,0.48477
,0.48485
,0.48493
,0.48500
,0.48508
,0.48516
,0.48523
,0.48531
,0.48538
,0.48546
,0.48553
,0.48561
,0.48568
,0.48576
,0.48583
,0.48591
,0.48598
,0.48605
,0.48613
,0.48620
,0.48627
,0.48635
,0.48642
,0.48649
,0.48656
,0.48664
,0.48671
,0.48678
,0.48685
,0.48692
,0.48700
,0.48707
,0.48714
,0.48721
,0.48728
,0.48735
,0.48742
,0.48749
,0.48756
,0.48763
,0.48770
,0.48777
,0.48784
,0.48790
,0.48797
,0.48804
,0.48811
,0.48818
,0.48825
,0.48831
,0.48838
,0.48845
,0.48851
,0.48858
,0.48865
,0.48871
,0.48878
,0.48885
,0.48891
,0.48898
,0.48904
,0.48911
,0.48917
,0.48924
,0.48930
,0.48937
,0.48943
,0.48950
,0.48956
,0.48963
,0.48969
,0.48975
,0.48982
,0.48988
,0.48994
,0.49000
,0.49007
,0.49013
,0.49019
,0.49025
,0.49031
,0.49038
,0.49044
,0.49050
,0.49056
,0.49062
,0.49068
,0.49074
,0.49080
,0.49086
,0.49092
,0.49098
,0.49104
,0.49110
,0.49116
,0.49122
,0.49127
,0.49133
,0.49139
,0.49145
,0.49151
,0.49156
,0.49162
,0.49168
,0.49174
,0.49179
,0.49185
,0.49190
,0.49196
,0.49202
,0.49207
,0.49213
,0.49218
,0.49224
,0.49229
,0.49235
,0.49240
,0.49246
,0.49251
,0.49257
,0.49262
,0.49267
,0.49273
,0.49278
,0.49283
,0.49289
,0.49294
,0.49299
,0.49304
,0.49310
,0.49315
,0.49320
,0.49325
,0.49330
,0.49335
,0.49341
,0.49346
,0.49351
,0.49356
,0.49361
,0.49366
,0.49371
,0.49376
,0.49381
,0.49386
,0.49390
,0.49395
,0.49400
,0.49405
,0.49410
,0.49415
,0.49419
,0.49424
,0.49429
,0.49434
,0.49438
,0.49443
,0.49448
,0.49452
,0.49457
,0.49462
,0.49466
,0.49471
,0.49475
,0.49480
,0.49484
,0.49489
,0.49493
,0.49498
,0.49502
,0.49507
,0.49511
,0.49515
,0.49520
,0.49524
,0.49528
,0.49533
,0.49537
,0.49541
,0.49545
,0.49550
,0.49554
,0.49558
,0.49562
,0.49566
,0.49570
,0.49575
,0.49579
,0.49583
,0.49587
,0.49591
,0.49595
,0.49599
,0.49603
,0.49607
,0.49611
,0.49614
,0.49618
,0.49622
,0.49626
,0.49630
,0.49634
,0.49637
,0.49641
,0.49645
,0.49649
,0.49652
,0.49656
,0.49660
,0.49663
,0.49667
,0.49671
,0.49674
,0.49678
,0.49681
,0.49685
,0.49688
,0.49692
,0.49695
,0.49699
,0.49702
,0.49706
,0.49709
,0.49712
,0.49716
,0.49719
,0.49722
,0.49726
,0.49729
,0.49732
,0.49736
,0.49739
,0.49742
,0.49745
,0.49748
,0.49751
,0.49755
,0.49758
,0.49761
,0.49764
,0.49767
,0.49770
,0.49773
,0.49776
,0.49779
,0.49782
,0.49785
,0.49788
,0.49790
,0.49793
,0.49796
,0.49799
,0.49802
,0.49805
,0.49807
,0.49810
,0.49813
,0.49816
,0.49818
,0.49821
,0.49824
,0.49826
,0.49829
,0.49831
,0.49834
,0.49836
,0.49839
,0.49841
,0.49844
,0.49846
,0.49849
,0.49851
,0.49854
,0.49856
,0.49859
,0.49861
,0.49863
,0.49866
,0.49868
,0.49870
,0.49872
,0.49875
,0.49877
,0.49879
,0.49881
,0.49883
,0.49885
,0.49888
,0.49890
,0.49892
,0.49894
,0.49896
,0.49898
,0.49900
,0.49902
,0.49904
,0.49906
,0.49908
,0.49910
,0.49911
,0.49913
,0.49915
,0.49917
,0.49919
,0.49921
,0.49922
,0.49924
,0.49926
,0.49927
,0.49929
,0.49931
,0.49932
,0.49934
,0.49936
,0.49937
,0.49939
,0.49940
,0.49942
,0.49943
,0.49945
,0.49946
,0.49948
,0.49949
,0.49951
,0.49952
,0.49953
,0.49955
,0.49956
,0.49957
,0.49959
,0.49960
,0.49961
,0.49962
,0.49964
,0.49965
,0.49966
,0.49967
,0.49968
,0.49969
,0.49970
,0.49971
,0.49973
,0.49974
,0.49975
,0.49976
,0.49977
,0.49977
,0.49978
,0.49979
,0.49980
,0.49981
,0.49982
,0.49983
,0.49984
,0.49984
,0.49985
,0.49986
,0.49987
,0.49987
,0.49988
,0.49989
,0.49989
,0.49990
,0.49991
,0.49991
,0.49992
,0.49992
,0.49993
,0.49993
,0.49994
,0.49994
,0.49995
,0.49995
,0.49996
,0.49996
,0.49997
,0.49997
,0.49997
,0.49998
,0.49998
,0.49998
,0.49998
,0.49999
,0.49999
,0.49999
,0.49999
,0.49999
,0.50000
,0.50000
,0.50000
,0.50000
,0.50000
,0.50000
,0.50000
,0.50000
,0.50000
,0.50000
,0.50000
,0.50000
,0.50000
,0.50000
,0.49999
,0.49999
,0.49999
,0.49999
,0.49999
,0.49999
,0.49998
,0.49998
,0.49998
,0.49997
,0.49997
,0.49997
,0.49996
,0.49996
,0.49996
,0.49995
,0.49995
,0.49994
,0.49994
,0.49993
,0.49993
,0.49992
,0.49992
,0.49991
,0.49990
,0.49990
,0.49989
,0.49988
,0.49988
,0.49987
,0.49986
,0.49986
,0.49985
,0.49984
,0.49983
,0.49982
,0.49982
,0.49981
,0.49980
,0.49979
,0.49978
,0.49977
,0.49976
,0.49975
,0.49974
,0.49973
,0.49972
,0.49971
,0.49970
,0.49969
,0.49968
,0.49967
,0.49965
,0.49964
,0.49963
,0.49962
,0.49961
,0.49959
,0.49958
,0.49957
,0.49955
,0.49954
,0.49953
,0.49951
,0.49950
,0.49948
,0.49947
,0.49946
,0.49944
,0.49943
,0.49941
,0.49940
,0.49938
,0.49936
,0.49935
,0.49933
,0.49932
,0.49930
,0.49928
,0.49927
,0.49925
,0.49923
,0.49921
,0.49920
,0.49918
,0.49916
,0.49914
,0.49912
,0.49910
,0.49909
,0.49907
,0.49905
,0.49903
,0.49901
,0.49899
,0.49897
,0.49895
,0.49893
,0.49891
,0.49889
,0.49886
,0.49884
,0.49882
,0.49880
,0.49878
,0.49876
,0.49873
,0.49871
,0.49869
,0.49867
,0.49864
,0.49862
,0.49860
,0.49857
,0.49855
,0.49853
,0.49850
,0.49848
,0.49845
,0.49843
,0.49840
,0.49838
,0.49835
,0.49833
,0.49830
,0.49827
,0.49825
,0.49822
,0.49820
,0.49817
,0.49814
,0.49811
,0.49809
,0.49806
,0.49803
,0.49800
,0.49798
,0.49795
,0.49792
,0.49789
,0.49786
,0.49783
,0.49780
,0.49777
,0.49774
,0.49771
,0.49768
,0.49765
,0.49762
,0.49759
,0.49756
,0.49753
,0.49750
,0.49747
,0.49744
,0.49740
,0.49737
,0.49734
,0.49731
,0.49727
,0.49724
,0.49721
,0.49717
,0.49714
,0.49711
,0.49707
,0.49704
,0.49701
,0.49697
,0.49694
,0.49690
,0.49687
,0.49683
,0.49680
,0.49676
,0.49672
,0.49669
,0.49665
,0.49662
,0.49658
,0.49654
,0.49651
,0.49647
,0.49643
,0.49639
,0.49636
,0.49632
,0.49628
,0.49624
,0.49620
,0.49616
,0.49613
,0.49609
,0.49605
,0.49601
,0.49597
,0.49593
,0.49589
,0.49585
,0.49581
,0.49577
,0.49572
,0.49568
,0.49564
,0.49560
,0.49556
,0.49552
,0.49548
,0.49543
,0.49539
,0.49535
,0.49531
,0.49526
,0.49522
,0.49518
,0.49513
,0.49509
,0.49504
,0.49500
,0.49496
,0.49491
,0.49487
,0.49482
,0.49478
,0.49473
,0.49468
,0.49464
,0.49459
,0.49455
,0.49450
,0.49445
,0.49441
,0.49436
,0.49431
,0.49427
,0.49422
,0.49417
,0.49412
,0.49407
,0.49403
,0.49398
,0.49393
,0.49388
,0.49383
,0.49378
,0.49373
,0.49368
,0.49363
,0.49358
,0.49353
,0.49348
,0.49343
,0.49338
,0.49333
,0.49328
,0.49323
,0.49317
,0.49312
,0.49307
,0.49302
,0.49297
,0.49291
,0.49286
,0.49281
,0.49275
,0.49270
,0.49265
,0.49259
,0.49254
,0.49249
,0.49243
,0.49238
,0.49232
,0.49227
,0.49221
,0.49216
,0.49210
,0.49205
,0.49199
,0.49193
,0.49188
,0.49182
,0.49176
,0.49171
,0.49165
,0.49159
,0.49153
,0.49148
,0.49142
,0.49136
,0.49130
,0.49124
,0.49119
,0.49113
,0.49107
,0.49101
,0.49095
,0.49089
,0.49083
,0.49077
,0.49071
,0.49065
,0.49059
,0.49053
,0.49047
,0.49041
,0.49034
,0.49028
,0.49022
,0.49016
,0.49010
,0.49004
,0.48997
,0.48991
,0.48985
,0.48978
,0.48972
,0.48966
,0.48959
,0.48953
,0.48947
,0.48940
,0.48934
,0.48927
,0.48921
,0.48914
,0.48908
,0.48901
,0.48895
,0.48888
,0.48881
,0.48875
,0.48868
,0.48862
,0.48855
,0.48848
,0.48841
,0.48835
,0.48828
,0.48821
,0.48814
,0.48808
,0.48801
,0.48794
,0.48787
,0.48780
,0.48773
,0.48766
,0.48759
,0.48752
,0.48745
,0.48738
,0.48731
,0.48724
,0.48717
,0.48710
,0.48703
,0.48696
,0.48689
,0.48682
,0.48674
,0.48667
,0.48660
,0.48653
,0.48646
,0.48638
,0.48631
,0.48624
,0.48616
,0.48609
,0.48602
,0.48594
,0.48587
,0.48579
,0.48572
,0.48565
,0.48557
,0.48550
,0.48542
,0.48534
,0.48527
,0.48519
,0.48512
,0.48504
,0.48496
,0.48489
,0.48481
,0.48473
,0.48466
,0.48458
,0.48450
,0.48442
,0.48435
,0.48427
,0.48419
,0.48411
,0.48403
,0.48395
,0.48388
,0.48380
,0.48372
,0.48364
,0.48356
,0.48348
,0.48340
,0.48332
,0.48324
,0.48316
,0.48307
,0.48299
,0.48291
,0.48283
,0.48275
,0.48267
,0.48258
,0.48250
,0.48242
,0.48234
,0.48225
,0.48217
,0.48209
,0.48200
,0.48192
,0.48184
,0.48175
,0.48167
,0.48158
,0.48150
,0.48142
,0.48133
,0.48125
,0.48116
,0.48107
,0.48099
,0.48090
,0.48082
,0.48073
,0.48064
,0.48056
,0.48047
,0.48038
,0.48030
,0.48021
,0.48012
,0.48003
,0.47995
,0.47986
,0.47977
,0.47968
,0.47959
,0.47950
,0.47941
,0.47932
,0.47923
,0.47914
,0.47905
,0.47896
,0.47887
,0.47878
,0.47869
,0.47860
,0.47851
,0.47842
,0.47833
,0.47824
,0.47815
,0.47805
,0.47796
,0.47787
,0.47778
,0.47768
,0.47759
,0.47750
,0.47740
,0.47731
,0.47722
,0.47712
,0.47703
,0.47694
,0.47684
,0.47675
,0.47665
,0.47656
,0.47646
,0.47637
,0.47627
,0.47617
,0.47608
,0.47598
,0.47589
,0.47579
,0.47569
,0.47560
,0.47550
,0.47540
,0.47530
,0.47521
,0.47511
,0.47501
,0.47491
,0.47481
,0.47472
,0.47462
,0.47452
,0.47442
,0.47432
,0.47422
,0.47412
,0.47402
,0.47392
,0.47382
,0.47372
,0.47362
,0.47352
,0.47342
,0.47332
,0.47322
,0.47311
,0.47301
,0.47291
,0.47281
,0.47271
,0.47260
,0.47250
,0.47240
,0.47229
,0.47219
,0.47209
,0.47198
,0.47188
,0.47178
,0.47167
,0.47157
,0.47146
,0.47136
,0.47125
,0.47115
,0.47104
,0.47094
,0.47083
,0.47073
,0.47062
,0.47051
,0.47041
,0.47030
,0.47019
,0.47009
,0.46998
,0.46987
,0.46977
,0.46966
,0.46955
,0.46944
,0.46933
,0.46923
,0.46912
,0.46901
,0.46890
,0.46879
,0.46868
,0.46857
,0.46846
,0.46835
,0.46824
,0.46813
,0.46802
,0.46791
,0.46780
,0.46769
,0.46758
,0.46747
,0.46735
,0.46724
,0.46713
,0.46702
,0.46691
,0.46679
,0.46668
,0.46657
,0.46645
,0.46634
,0.46623
,0.46611
,0.46600
,0.46589
,0.46577
,0.46566
,0.46554
,0.46543
,0.46531
,0.46520
,0.46508
,0.46497
,0.46485
,0.46474
,0.46462
,0.46450
,0.46439
,0.46427
,0.46415
,0.46404
,0.46392
,0.46380
,0.46369
,0.46357
,0.46345
,0.46333
,0.46321
,0.46310
,0.46298
,0.46286
,0.46274
,0.46262
,0.46250
,0.46238
,0.46226
,0.46214
,0.46202
,0.46190
,0.46178
,0.46166
,0.46154
,0.46142
,0.46130
,0.46118
,0.46106
,0.46093
,0.46081
,0.46069
,0.46057
,0.46045
,0.46032
,0.46020
,0.46008
,0.45995
,0.45983
,0.45971
,0.45958
,0.45946
,0.45934
,0.45921
,0.45909
,0.45896
,0.45884
,0.45871
,0.45859
,0.45846
,0.45834
,0.45821
,0.45809
,0.45796
,0.45783
,0.45771
,0.45758
,0.45745
,0.45733
,0.45720
,0.45707
,0.45695
,0.45682
,0.45669
,0.45656
,0.45643
,0.45631
,0.45618
,0.45605
,0.45592
,0.45579
,0.45566
,0.45553
,0.45540
,0.45527
,0.45514
,0.45501
,0.45488
,0.45475
,0.45462
,0.45449
,0.45436
,0.45423
,0.45410
,0.45396
,0.45383
,0.45370
,0.45357
,0.45344
,0.45330
,0.45317
,0.45304
,0.45290
,0.45277
,0.45264
,0.45250
,0.45237
,0.45224
,0.45210
,0.45197
,0.45183
,0.45170
,0.45156
,0.45143
,0.45129
,0.45116
,0.45102
,0.45089
,0.45075
,0.45062
,0.45048
,0.45034
,0.45021
,0.45007
,0.44993
,0.44980
,0.44966
,0.44952
,0.44938
,0.44925
,0.44911
,0.44897
,0.44883
,0.44869
,0.44855
,0.44841
,0.44828
,0.44814
,0.44800
,0.44786
,0.44772
,0.44758
,0.44744
,0.44730
,0.44716
,0.44702
,0.44688
,0.44673
,0.44659
,0.44645
,0.44631
,0.44617
,0.44603
,0.44588
,0.44574
,0.44560
,0.44546
,0.44531
,0.44517
,0.44503
,0.44488
,0.44474
,0.44460
,0.44445
,0.44431
,0.44417
,0.44402
,0.44388
,0.44373
,0.44359
,0.44344
,0.44330
,0.44315
,0.44301
,0.44286
,0.44271
,0.44257
,0.44242
,0.44228
,0.44213
,0.44198
,0.44183
,0.44169
,0.44154
,0.44139
,0.44124
,0.44110
,0.44095
,0.44080
,0.44065
,0.44050
,0.44036
,0.44021
,0.44006
,0.43991
,0.43976
,0.43961
,0.43946
,0.43931
,0.43916
,0.43901
,0.43886
,0.43871
,0.43856
,0.43841
,0.43825
,0.43810
,0.43795
,0.43780
,0.43765
,0.43750
,0.43734
,0.43719
,0.43704
,0.43689
,0.43673
,0.43658
,0.43643
,0.43627
,0.43612
,0.43597
,0.43581
,0.43566
,0.43550
,0.43535
,0.43520
,0.43504
,0.43489
,0.43473
,0.43458
,0.43442
,0.43426
,0.43411
,0.43395
,0.43380
,0.43364
,0.43348
,0.43333
,0.43317
,0.43301
,0.43286
,0.43270
,0.43254
,0.43238
,0.43223
,0.43207
,0.43191
,0.43175
,0.43159
,0.43143
,0.43127
,0.43112
,0.43096
,0.43080
,0.43064
,0.43048
,0.43032
,0.43016
,0.43000
,0.42984
,0.42968
,0.42952
,0.42935
,0.42919
,0.42903
,0.42887
,0.42871
,0.42855
,0.42839
,0.42822
,0.42806
,0.42790
,0.42774
,0.42757
,0.42741
,0.42725
,0.42708
,0.42692
,0.42676
,0.42659
,0.42643
,0.42626
,0.42610
,0.42594
,0.42577
,0.42561
,0.42544
,0.42528
,0.42511
,0.42495
,0.42478
,0.42461
,0.42445
,0.42428
,0.42412
,0.42395
,0.42378
,0.42362
,0.42345
,0.42328
,0.42311
,0.42295
,0.42278
,0.42261
,0.42244
,0.42228
,0.42211
,0.42194
,0.42177
,0.42160
,0.42143
,0.42126
,0.42109
,0.42092
,0.42075
,0.42058
,0.42041
,0.42024
,0.42007
,0.41990
,0.41973
,0.41956
,0.41939
,0.41922
,0.41905
,0.41888
,0.41871
,0.41853
,0.41836
,0.41819
,0.41802
,0.41784
,0.41767
,0.41750
,0.41733
,0.41715
,0.41698
,0.41681
,0.41663
,0.41646
,0.41628
,0.41611
,0.41594
,0.41576
,0.41559
,0.41541
,0.41524
,0.41506
,0.41489
,0.41471
,0.41454
,0.41436
,0.41418
,0.41401
,0.41383
,0.41366
,0.41348
,0.41330
,0.41313
,0.41295
,0.41277
,0.41259
,0.41242
,0.41224
,0.41206
,0.41188
,0.41170
,0.41153
,0.41135
,0.41117
,0.41099
,0.41081
,0.41063
,0.41045
,0.41027
,0.41009
,0.40991
,0.40973
,0.40955
,0.40937
,0.40919
,0.40901
,0.40883
,0.40865
,0.40847
,0.40829
,0.40811
,0.40792
,0.40774
,0.40756
,0.40738
,0.40720
,0.40701
,0.40683
,0.40665
,0.40647
,0.40628
,0.40610
,0.40592
,0.40573
,0.40555
,0.40537
,0.40518
,0.40500
,0.40481
,0.40463
,0.40444
,0.40426
,0.40407
,0.40389
,0.40370
,0.40352
,0.40333
,0.40315
,0.40296
,0.40277
,0.40259
,0.40240
,0.40222
,0.40203
,0.40184
,0.40165
,0.40147
,0.40128
,0.40109
,0.40091
,0.40072
,0.40053
,0.40034
,0.40015
,0.39996
,0.39978
,0.39959
,0.39940
,0.39921
,0.39902
,0.39883
,0.39864
,0.39845
,0.39826
,0.39807
,0.39788
,0.39769
,0.39750
,0.39731
,0.39712
,0.39693
,0.39674
,0.39655
,0.39635
,0.39616
,0.39597
,0.39578
,0.39559
,0.39539
,0.39520
,0.39501
,0.39482
,0.39462
,0.39443
,0.39424
,0.39404
,0.39385
,0.39366
,0.39346
,0.39327
,0.39308
,0.39288
,0.39269
,0.39249
,0.39230
,0.39210
,0.39191
,0.39171
,0.39152
,0.39132
,0.39113
,0.39093
,0.39073
,0.39054
,0.39034
,0.39014
,0.38995
,0.38975
,0.38955
,0.38936
,0.38916
,0.38896
,0.38877
,0.38857
,0.38837
,0.38817
,0.38797
,0.38778
,0.38758
,0.38738
,0.38718
,0.38698
,0.38678
,0.38658
,0.38638
,0.38618
,0.38598
,0.38578
,0.38558
,0.38538
,0.38518
,0.38498
,0.38478
,0.38458
,0.38438
,0.38418
,0.38398
,0.38378
,0.38358
,0.38338
,0.38317
,0.38297
,0.38277
,0.38257
,0.38237
,0.38216
,0.38196
,0.38176
,0.38155
,0.38135
,0.38115
,0.38094
,0.38074
,0.38054
,0.38033
,0.38013
,0.37992
,0.37972
,0.37952
,0.37931
,0.37911
,0.37890
,0.37870
,0.37849
,0.37829
,0.37808
,0.37787
,0.37767
,0.37746
,0.37726
,0.37705
,0.37684
,0.37664
,0.37643
,0.37622
,0.37602
,0.37581
,0.37560
,0.37540
,0.37519
,0.37498
,0.37477
,0.37456
,0.37436
,0.37415
,0.37394
,0.37373
,0.37352
,0.37331
,0.37310
,0.37289
,0.37268
,0.37248
,0.37227
,0.37206
,0.37185
,0.37164
,0.37143
,0.37121
,0.37100
,0.37079
,0.37058
,0.37037
,0.37016
,0.36995
,0.36974
,0.36953
,0.36931
,0.36910
,0.36889
,0.36868
,0.36847
,0.36825
,0.36804
,0.36783
,0.36762
,0.36740
,0.36719
,0.36698
,0.36676
,0.36655
,0.36634
,0.36612
,0.36591
,0.36569
,0.36548
,0.36526
,0.36505
,0.36483
,0.36462
,0.36440
,0.36419
,0.36397
,0.36376
,0.36354
,0.36333
,0.36311
,0.36290
,0.36268
,0.36246
,0.36225
,0.36203
,0.36181
,0.36160
,0.36138
,0.36116
,0.36094
,0.36073
,0.36051
,0.36029
,0.36007
,0.35986
,0.35964
,0.35942
,0.35920
,0.35898
,0.35876
,0.35854
,0.35832
,0.35811
,0.35789
,0.35767
,0.35745
,0.35723
,0.35701
,0.35679
,0.35657
,0.35635
,0.35613
,0.35591
,0.35569
,0.35546
,0.35524
,0.35502
,0.35480
,0.35458
,0.35436
,0.35414
,0.35391
,0.35369
,0.35347
,0.35325
,0.35303
,0.35280
,0.35258
,0.35236
,0.35213
,0.35191
,0.35169
,0.35146
,0.35124
,0.35102
,0.35079
,0.35057
,0.35035
,0.35012
,0.34990
,0.34967
,0.34945
,0.34922
,0.34900
,0.34877
,0.34855
,0.34832
,0.34810
,0.34787
,0.34765
,0.34742
,0.34719
,0.34697
,0.34674
,0.34651
,0.34629
,0.34606
,0.34583
,0.34561
,0.34538
,0.34515
,0.34493
,0.34470
,0.34447
,0.34424
,0.34401
,0.34379
,0.34356
,0.34333
,0.34310
,0.34287
,0.34264
,0.34242
,0.34219
,0.34196
,0.34173
,0.34150
,0.34127
,0.34104
,0.34081
,0.34058
,0.34035
,0.34012
,0.33989
,0.33966
,0.33943
,0.33920
,0.33897
,0.33874
,0.33850
,0.33827
,0.33804
,0.33781
,0.33758
,0.33735
,0.33711
,0.33688
,0.33665
,0.33642
,0.33618
,0.33595
,0.33572
,0.33549
,0.33525
,0.33502
,0.33479
,0.33455
,0.33432
,0.33409
,0.33385
,0.33362
,0.33338
,0.33315
,0.33292
,0.33268
,0.33245
,0.33221
,0.33198
,0.33174
,0.33151
,0.33127
,0.33104
,0.33080
,0.33057
,0.33033
,0.33009
,0.32986
,0.32962
,0.32938
,0.32915
,0.32891
,0.32868
,0.32844
,0.32820
,0.32796
,0.32773
,0.32749
,0.32725
,0.32701
,0.32678
,0.32654
,0.32630
,0.32606
,0.32582
,0.32559
,0.32535
,0.32511
,0.32487
,0.32463
,0.32439
,0.32415
,0.32391
,0.32367
,0.32344
,0.32320
,0.32296
,0.32272
,0.32248
,0.32224
,0.32200
,0.32175
,0.32151
,0.32127
,0.32103
,0.32079
,0.32055
,0.32031
,0.32007
,0.31983
,0.31959
,0.31934
,0.31910
,0.31886
,0.31862
,0.31838
,0.31813
,0.31789
,0.31765
,0.31741
,0.31716
,0.31692
,0.31668
,0.31643
,0.31619
,0.31595
,0.31570
,0.31546
,0.31522
,0.31497
,0.31473
,0.31448
,0.31424
,0.31399
,0.31375
,0.31351
,0.31326
,0.31302
,0.31277
,0.31253
,0.31228
,0.31203
,0.31179
,0.31154
,0.31130
,0.31105
,0.31081
,0.31056
,0.31031
,0.31007
,0.30982
,0.30957
,0.30933
,0.30908
,0.30883
,0.30859
,0.30834
,0.30809
,0.30784
,0.30760
,0.30735
,0.30710
,0.30685
,0.30660
,0.30636
,0.30611
,0.30586
,0.30561
,0.30536
,0.30511
,0.30486
,0.30461
,0.30437
,0.30412
,0.30387
,0.30362
,0.30337
,0.30312
,0.30287
,0.30262
,0.30237
,0.30212
,0.30187
,0.30162
,0.30137
,0.30111
,0.30086
,0.30061
,0.30036
,0.30011
,0.29986
,0.29961
,0.29936
,0.29910
,0.29885
,0.29860
,0.29835
,0.29810
,0.29784
,0.29759
,0.29734
,0.29709
,0.29683
,0.29658
,0.29633
,0.29607
,0.29582
,0.29557
,0.29531
,0.29506
,0.29481
,0.29455
,0.29430
,0.29405
,0.29379
,0.29354
,0.29328
,0.29303
,0.29277
,0.29252
,0.29226
,0.29201
,0.29175
,0.29150
,0.29124
,0.29099
,0.29073
,0.29048
,0.29022
,0.28996
,0.28971
,0.28945
,0.28920
,0.28894
,0.28868
,0.28843
,0.28817
,0.28791
,0.28766
,0.28740
,0.28714
,0.28688
,0.28663
,0.28637
,0.28611
,0.28585
,0.28560
,0.28534
,0.28508
,0.28482
,0.28456
,0.28431
,0.28405
,0.28379
,0.28353
,0.28327
,0.28301
,0.28275
,0.28249
,0.28223
,0.28198
,0.28172
,0.28146
,0.28120
,0.28094
,0.28068
,0.28042
,0.28016
,0.27990
,0.27964
,0.27938
,0.27911
,0.27885
,0.27859
,0.27833
,0.27807
,0.27781
,0.27755
,0.27729
,0.27703
,0.27676
,0.27650
,0.27624
,0.27598
,0.27572
,0.27545
,0.27519
,0.27493
,0.27467
,0.27440
,0.27414
,0.27388
,0.27362
,0.27335
,0.27309
,0.27283
,0.27256
,0.27230
,0.27204
,0.27177
,0.27151
,0.27124
,0.27098
,0.27072
,0.27045
,0.27019
,0.26992
,0.26966
,0.26939
,0.26913
,0.26887
,0.26860
,0.26834
,0.26807
,0.26780
,0.26754
,0.26727
,0.26701
,0.26674
,0.26648
,0.26621
,0.26594
,0.26568
,0.26541
,0.26515
,0.26488
,0.26461
,0.26435
,0.26408
,0.26381
,0.26355
,0.26328
,0.26301
,0.26274
,0.26248
,0.26221
,0.26194
,0.26167
,0.26141
,0.26114
,0.26087
,0.26060
,0.26033
,0.26007
,0.25980
,0.25953
,0.25926
,0.25899
,0.25872
,0.25845
,0.25819
,0.25792
,0.25765
,0.25738
,0.25711
,0.25684
,0.25657
,0.25630
,0.25603
,0.25576
,0.25549
,0.25522
,0.25495
,0.25468
,0.25441
,0.25414
,0.25387
,0.25360
,0.25333
,0.25305
,0.25278
,0.25251
,0.25224
,0.25197
,0.25170
,0.25143
,0.25116
,0.25088
,0.25061
,0.25034
,0.25007
,0.24980
,0.24952
,0.24925
,0.24898
,0.24871
,0.24843
,0.24816
,0.24789
,0.24762
,0.24734
,0.24707
,0.24680
,0.24652
,0.24625
,0.24598
,0.24570
,0.24543
,0.24515
,0.24488
,0.24461
,0.24433
,0.24406
,0.24378
,0.24351
,0.24324
,0.24296
,0.24269
,0.24241
,0.24214
,0.24186
,0.24159
,0.24131
,0.24104
,0.24076
,0.24049
,0.24021
,0.23993
,0.23966
,0.23938
,0.23911
,0.23883
,0.23856
,0.23828
,0.23800
,0.23773
,0.23745
,0.23717
,0.23690
,0.23662
,0.23634
,0.23607
,0.23579
,0.23551
,0.23523
,0.23496
,0.23468
,0.23440
,0.23413
,0.23385
,0.23357
,0.23329
,0.23301
,0.23274
,0.23246
,0.23218
,0.23190
,0.23162
,0.23134
,0.23107
,0.23079
,0.23051
,0.23023
,0.22995
,0.22967
,0.22939
,0.22911
,0.22883
,0.22855
,0.22828
,0.22800
,0.22772
,0.22744
,0.22716
,0.22688
,0.22660
,0.22632
,0.22604
,0.22576
,0.22548
,0.22519
,0.22491
,0.22463
,0.22435
,0.22407
,0.22379
,0.22351
,0.22323
,0.22295
,0.22267
,0.22239
,0.22210
,0.22182
,0.22154
,0.22126
,0.22098
,0.22070
,0.22041
,0.22013
,0.21985
,0.21957
,0.21928
,0.21900
,0.21872
,0.21844
,0.21815
,0.21787
,0.21759
,0.21731
,0.21702
,0.21674
,0.21646
,0.21617
,0.21589
,0.21561
,0.21532
,0.21504
,0.21476
,0.21447
,0.21419
,0.21390
,0.21362
,0.21334
,0.21305
,0.21277
,0.21248
,0.21220
,0.21191
,0.21163
,0.21134
,0.21106
,0.21078
,0.21049
,0.21021
,0.20992
,0.20963
,0.20935
,0.20906
,0.20878
,0.20849
,0.20821
,0.20792
,0.20764
,0.20735
,0.20706
,0.20678
,0.20649
,0.20621
,0.20592
,0.20563
,0.20535
,0.20506
,0.20477
,0.20449
,0.20420
,0.20391
,0.20363
,0.20334
,0.20305
,0.20277
,0.20248
,0.20219
,0.20190
,0.20162
,0.20133
,0.20104
,0.20075
,0.20047
,0.20018
,0.19989
,0.19960
,0.19931
,0.19903
,0.19874
,0.19845
,0.19816
,0.19787
,0.19758
,0.19729
,0.19701
,0.19672
,0.19643
,0.19614
,0.19585
,0.19556
,0.19527
,0.19498
,0.19469
,0.19440
,0.19411
,0.19382
,0.19353
,0.19325
,0.19296
,0.19267
,0.19238
,0.19209
,0.19180
,0.19150
,0.19121
,0.19092
,0.19063
,0.19034
,0.19005
,0.18976
,0.18947
,0.18918
,0.18889
,0.18860
,0.18831
,0.18802
,0.18773
,0.18743
,0.18714
,0.18685
,0.18656
,0.18627
,0.18598
,0.18569
,0.18539
,0.18510
,0.18481
,0.18452
,0.18423
,0.18393
,0.18364
,0.18335
,0.18306
,0.18276
,0.18247
,0.18218
,0.18189
,0.18159
,0.18130
,0.18101
,0.18072
,0.18042
,0.18013
,0.17984
,0.17954
,0.17925
,0.17896
,0.17866
,0.17837
,0.17808
,0.17778
,0.17749
,0.17720
,0.17690
,0.17661
,0.17631
,0.17602
,0.17573
,0.17543
,0.17514
,0.17484
,0.17455
,0.17425
,0.17396
,0.17366
,0.17337
,0.17308
,0.17278
,0.17249
,0.17219
,0.17190
,0.17160
,0.17131
,0.17101
,0.17071
,0.17042
,0.17012
,0.16983
,0.16953
,0.16924
,0.16894
,0.16865
,0.16835
,0.16805
,0.16776
,0.16746
,0.16717
,0.16687
,0.16657
,0.16628
,0.16598
,0.16568
,0.16539
,0.16509
,0.16480
,0.16450
,0.16420
,0.16391
,0.16361
,0.16331
,0.16301
,0.16272
,0.16242
,0.16212
,0.16183
,0.16153
,0.16123
,0.16093
,0.16064
,0.16034
,0.16004
,0.15974
,0.15945
,0.15915
,0.15885
,0.15855
,0.15825
,0.15796
,0.15766
,0.15736
,0.15706
,0.15676
,0.15646
,0.15617
,0.15587
,0.15557
,0.15527
,0.15497
,0.15467
,0.15437
,0.15408
,0.15378
,0.15348
,0.15318
,0.15288
,0.15258
,0.15228
,0.15198
,0.15168
,0.15138
,0.15108
,0.15078
,0.15048
,0.15018
,0.14988
,0.14958
,0.14929
,0.14899
,0.14869
,0.14839
,0.14809
,0.14778
,0.14748
,0.14718
,0.14688
,0.14658
,0.14628
,0.14598
,0.14568
,0.14538
,0.14508
,0.14478
,0.14448
,0.14418
,0.14388
,0.14358
,0.14328
,0.14298
,0.14267
,0.14237
,0.14207
,0.14177
,0.14147
,0.14117
,0.14087
,0.14056
,0.14026
,0.13996
,0.13966
,0.13936
,0.13906
,0.13875
,0.13845
,0.13815
,0.13785
,0.13755
,0.13724
,0.13694
,0.13664
,0.13634
,0.13604
,0.13573
,0.13543
,0.13513
,0.13483
,0.13452
,0.13422
,0.13392
,0.13362
,0.13331
,0.13301
,0.13271
,0.13240
,0.13210
,0.13180
,0.13149
,0.13119
,0.13089
,0.13059
,0.13028
,0.12998
,0.12968
,0.12937
,0.12907
,0.12876
,0.12846
,0.12816
,0.12785
,0.12755
,0.12725
,0.12694
,0.12664
,0.12633
,0.12603
,0.12573
,0.12542
,0.12512
,0.12481
,0.12451
,0.12420
,0.12390
,0.12360
,0.12329
,0.12299
,0.12268
,0.12238
,0.12207
,0.12177
,0.12146
,0.12116
,0.12085
,0.12055
,0.12024
,0.11994
,0.11963
,0.11933
,0.11902
,0.11872
,0.11841
,0.11811
,0.11780
,0.11750
,0.11719
,0.11689
,0.11658
,0.11628
,0.11597
,0.11566
,0.11536
,0.11505
,0.11475
,0.11444
,0.11414
,0.11383
,0.11352
,0.11322
,0.11291
,0.11261
,0.11230
,0.11199
,0.11169
,0.11138
,0.11107
,0.11077
,0.11046
,0.11016
,0.10985
,0.10954
,0.10924
,0.10893
,0.10862
,0.10832
,0.10801
,0.10770
,0.10740
,0.10709
,0.10678
,0.10647
,0.10617
,0.10586
,0.10555
,0.10525
,0.10494
,0.10463
,0.10432
,0.10402
,0.10371
,0.10340
,0.10310
,0.10279
,0.10248
,0.10217
,0.10187
,0.10156
,0.10125
,0.10094
,0.10063
,0.10033
,0.10002
,0.09971
,0.09940
,0.09910
,0.09879
,0.09848
,0.09817
,0.09786
,0.09755
,0.09725
,0.09694
,0.09663
,0.09632
,0.09601
,0.09571
,0.09540
,0.09509
,0.09478
,0.09447
,0.09416
,0.09385
,0.09355
,0.09324
,0.09293
,0.09262
,0.09231
,0.09200
,0.09169
,0.09138
,0.09108
,0.09077
,0.09046
,0.09015
,0.08984
,0.08953
,0.08922
,0.08891
,0.08860
,0.08829
,0.08798
,0.08767
,0.08737
,0.08706
,0.08675
,0.08644
,0.08613
,0.08582
,0.08551
,0.08520
,0.08489
,0.08458
,0.08427
,0.08396
,0.08365
,0.08334
,0.08303
,0.08272
,0.08241
,0.08210
,0.08179
,0.08148
,0.08117
,0.08086
,0.08055
,0.08024
,0.07993
,0.07962
,0.07931
,0.07900
,0.07869
,0.07838
,0.07807
,0.07776
,0.07745
,0.07714
,0.07683
,0.07652
,0.07621
,0.07590
,0.07559
,0.07528
,0.07496
,0.07465
,0.07434
,0.07403
,0.07372
,0.07341
,0.07310
,0.07279
,0.07248
,0.07217
,0.07186
,0.07155
,0.07124
,0.07092
,0.07061
,0.07030
,0.06999
,0.06968
,0.06937
,0.06906
,0.06875
,0.06844
,0.06812
,0.06781
,0.06750
,0.06719
,0.06688
,0.06657
,0.06626
,0.06594
,0.06563
,0.06532
,0.06501
,0.06470
,0.06439
,0.06408
,0.06376
,0.06345
,0.06314
,0.06283
,0.06252
,0.06221
,0.06189
,0.06158
,0.06127
,0.06096
,0.06065
,0.06033
,0.06002
,0.05971
,0.05940
,0.05909
,0.05877
,0.05846
,0.05815
,0.05784
,0.05753
,0.05721
,0.05690
,0.05659
,0.05628
,0.05597
,0.05565
,0.05534
,0.05503
,0.05472
,0.05440
,0.05409
,0.05378
,0.05347
,0.05315
,0.05284
,0.05253
,0.05222
,0.05190
,0.05159
,0.05128
,0.05097
,0.05065
,0.05034
,0.05003
,0.04972
,0.04940
,0.04909
,0.04878
,0.04847
,0.04815
,0.04784
,0.04753
,0.04722
,0.04690
,0.04659
,0.04628
,0.04596
,0.04565
,0.04534
,0.04503
,0.04471
,0.04440
,0.04409
,0.04377
,0.04346
,0.04315
,0.04283
,0.04252
,0.04221
,0.04190
,0.04158
,0.04127
,0.04096
,0.04064
,0.04033
,0.04002
,0.03970
,0.03939
,0.03908
,0.03876
,0.03845
,0.03814
,0.03782
,0.03751
,0.03720
,0.03688
,0.03657
,0.03626
,0.03594
,0.03563
,0.03532
,0.03500
,0.03469
,0.03438
,0.03406
,0.03375
,0.03344
,0.03312
,0.03281
,0.03250
,0.03218
,0.03187
,0.03156
,0.03124
,0.03093
,0.03061
,0.03030
,0.02999
,0.02967
,0.02936
,0.02905
,0.02873
,0.02842
,0.02811
,0.02779
,0.02748
,0.02716
,0.02685
,0.02654
,0.02622
,0.02591
,0.02560
,0.02528
,0.02497
,0.02465
,0.02434
,0.02403
,0.02371
,0.02340
,0.02308
,0.02277
,0.02246
,0.02214
,0.02183
,0.02152
,0.02120
,0.02089
,0.02057
,0.02026
,0.01995
,0.01963
,0.01932
,0.01900
,0.01869
,0.01838
,0.01806
,0.01775
,0.01743
,0.01712
,0.01681
,0.01649
,0.01618
,0.01586
,0.01555
,0.01524
,0.01492
,0.01461
,0.01429
,0.01398
,0.01367
,0.01335
,0.01304
,0.01272
,0.01241
,0.01210
,0.01178
,0.01147
,0.01115
,0.01084
,0.01052
,0.01021
,0.00990
,0.00958
,0.00927
,0.00895
,0.00864
,0.00833
,0.00801
,0.00770
,0.00738
,0.00707
,0.00675
,0.00644
,0.00613
,0.00581
,0.00550
,0.00518
,0.00487
,0.00456
,0.00424
,0.00393
,0.00361
,0.00330
,0.00298
,0.00267
,0.00236
,0.00204
,0.00173
,0.00141
,0.00110
,0.00079
,0.00047
,0.00016
,-0.00016
,-0.00047
,-0.00079
,-0.00110
,-0.00141
,-0.00173
,-0.00204
,-0.00236
,-0.00267
,-0.00298
,-0.00330
,-0.00361
,-0.00393
,-0.00424
,-0.00456
,-0.00487
,-0.00518
,-0.00550
,-0.00581
,-0.00613
,-0.00644
,-0.00675
,-0.00707
,-0.00738
,-0.00770
,-0.00801
,-0.00833
,-0.00864
,-0.00895
,-0.00927
,-0.00958
,-0.00990
,-0.01021
,-0.01052
,-0.01084
,-0.01115
,-0.01147
,-0.01178
,-0.01210
,-0.01241
,-0.01272
,-0.01304
,-0.01335
,-0.01367
,-0.01398
,-0.01429
,-0.01461
,-0.01492
,-0.01524
,-0.01555
,-0.01586
,-0.01618
,-0.01649
,-0.01681
,-0.01712
,-0.01743
,-0.01775
,-0.01806
,-0.01838
,-0.01869
,-0.01900
,-0.01932
,-0.01963
,-0.01995
,-0.02026
,-0.02057
,-0.02089
,-0.02120
,-0.02152
,-0.02183
,-0.02214
,-0.02246
,-0.02277
,-0.02308
,-0.02340
,-0.02371
,-0.02403
,-0.02434
,-0.02465
,-0.02497
,-0.02528
,-0.02560
,-0.02591
,-0.02622
,-0.02654
,-0.02685
,-0.02716
,-0.02748
,-0.02779
,-0.02811
,-0.02842
,-0.02873
,-0.02905
,-0.02936
,-0.02967
,-0.02999
,-0.03030
,-0.03061
,-0.03093
,-0.03124
,-0.03156
,-0.03187
,-0.03218
,-0.03250
,-0.03281
,-0.03312
,-0.03344
,-0.03375
,-0.03406
,-0.03438
,-0.03469
,-0.03500
,-0.03532
,-0.03563
,-0.03594
,-0.03626
,-0.03657
,-0.03688
,-0.03720
,-0.03751
,-0.03782
,-0.03814
,-0.03845
,-0.03876
,-0.03908
,-0.03939
,-0.03970
,-0.04002
,-0.04033
,-0.04064
,-0.04096
,-0.04127
,-0.04158
,-0.04190
,-0.04221
,-0.04252
,-0.04283
,-0.04315
,-0.04346
,-0.04377
,-0.04409
,-0.04440
,-0.04471
,-0.04503
,-0.04534
,-0.04565
,-0.04596
,-0.04628
,-0.04659
,-0.04690
,-0.04722
,-0.04753
,-0.04784
,-0.04815
,-0.04847
,-0.04878
,-0.04909
,-0.04940
,-0.04972
,-0.05003
,-0.05034
,-0.05065
,-0.05097
,-0.05128
,-0.05159
,-0.05190
,-0.05222
,-0.05253
,-0.05284
,-0.05315
,-0.05347
,-0.05378
,-0.05409
,-0.05440
,-0.05472
,-0.05503
,-0.05534
,-0.05565
,-0.05597
,-0.05628
,-0.05659
,-0.05690
,-0.05721
,-0.05753
,-0.05784
,-0.05815
,-0.05846
,-0.05877
,-0.05909
,-0.05940
,-0.05971
,-0.06002
,-0.06033
,-0.06065
,-0.06096
,-0.06127
,-0.06158
,-0.06189
,-0.06221
,-0.06252
,-0.06283
,-0.06314
,-0.06345
,-0.06376
,-0.06408
,-0.06439
,-0.06470
,-0.06501
,-0.06532
,-0.06563
,-0.06594
,-0.06626
,-0.06657
,-0.06688
,-0.06719
,-0.06750
,-0.06781
,-0.06812
,-0.06844
,-0.06875
,-0.06906
,-0.06937
,-0.06968
,-0.06999
,-0.07030
,-0.07061
,-0.07092
,-0.07124
,-0.07155
,-0.07186
,-0.07217
,-0.07248
,-0.07279
,-0.07310
,-0.07341
,-0.07372
,-0.07403
,-0.07434
,-0.07465
,-0.07496
,-0.07528
,-0.07559
,-0.07590
,-0.07621
,-0.07652
,-0.07683
,-0.07714
,-0.07745
,-0.07776
,-0.07807
,-0.07838
,-0.07869
,-0.07900
,-0.07931
,-0.07962
,-0.07993
,-0.08024
,-0.08055
,-0.08086
,-0.08117
,-0.08148
,-0.08179
,-0.08210
,-0.08241
,-0.08272
,-0.08303
,-0.08334
,-0.08365
,-0.08396
,-0.08427
,-0.08458
,-0.08489
,-0.08520
,-0.08551
,-0.08582
,-0.08613
,-0.08644
,-0.08675
,-0.08706
,-0.08737
,-0.08767
,-0.08798
,-0.08829
,-0.08860
,-0.08891
,-0.08922
,-0.08953
,-0.08984
,-0.09015
,-0.09046
,-0.09077
,-0.09108
,-0.09138
,-0.09169
,-0.09200
,-0.09231
,-0.09262
,-0.09293
,-0.09324
,-0.09355
,-0.09385
,-0.09416
,-0.09447
,-0.09478
,-0.09509
,-0.09540
,-0.09571
,-0.09601
,-0.09632
,-0.09663
,-0.09694
,-0.09725
,-0.09755
,-0.09786
,-0.09817
,-0.09848
,-0.09879
,-0.09910
,-0.09940
,-0.09971
,-0.10002
,-0.10033
,-0.10063
,-0.10094
,-0.10125
,-0.10156
,-0.10187
,-0.10217
,-0.10248
,-0.10279
,-0.10310
,-0.10340
,-0.10371
,-0.10402
,-0.10432
,-0.10463
,-0.10494
,-0.10525
,-0.10555
,-0.10586
,-0.10617
,-0.10647
,-0.10678
,-0.10709
,-0.10740
,-0.10770
,-0.10801
,-0.10832
,-0.10862
,-0.10893
,-0.10924
,-0.10954
,-0.10985
,-0.11016
,-0.11046
,-0.11077
,-0.11107
,-0.11138
,-0.11169
,-0.11199
,-0.11230
,-0.11261
,-0.11291
,-0.11322
,-0.11352
,-0.11383
,-0.11414
,-0.11444
,-0.11475
,-0.11505
,-0.11536
,-0.11566
,-0.11597
,-0.11628
,-0.11658
,-0.11689
,-0.11719
,-0.11750
,-0.11780
,-0.11811
,-0.11841
,-0.11872
,-0.11902
,-0.11933
,-0.11963
,-0.11994
,-0.12024
,-0.12055
,-0.12085
,-0.12116
,-0.12146
,-0.12177
,-0.12207
,-0.12238
,-0.12268
,-0.12299
,-0.12329
,-0.12360
,-0.12390
,-0.12420
,-0.12451
,-0.12481
,-0.12512
,-0.12542
,-0.12573
,-0.12603
,-0.12633
,-0.12664
,-0.12694
,-0.12725
,-0.12755
,-0.12785
,-0.12816
,-0.12846
,-0.12876
,-0.12907
,-0.12937
,-0.12968
,-0.12998
,-0.13028
,-0.13059
,-0.13089
,-0.13119
,-0.13149
,-0.13180
,-0.13210
,-0.13240
,-0.13271
,-0.13301
,-0.13331
,-0.13362
,-0.13392
,-0.13422
,-0.13452
,-0.13483
,-0.13513
,-0.13543
,-0.13573
,-0.13604
,-0.13634
,-0.13664
,-0.13694
,-0.13724
,-0.13755
,-0.13785
,-0.13815
,-0.13845
,-0.13875
,-0.13906
,-0.13936
,-0.13966
,-0.13996
,-0.14026
,-0.14056
,-0.14087
,-0.14117
,-0.14147
,-0.14177
,-0.14207
,-0.14237
,-0.14267
,-0.14298
,-0.14328
,-0.14358
,-0.14388
,-0.14418
,-0.14448
,-0.14478
,-0.14508
,-0.14538
,-0.14568
,-0.14598
,-0.14628
,-0.14658
,-0.14688
,-0.14718
,-0.14748
,-0.14778
,-0.14809
,-0.14839
,-0.14869
,-0.14899
,-0.14929
,-0.14958
,-0.14988
,-0.15018
,-0.15048
,-0.15078
,-0.15108
,-0.15138
,-0.15168
,-0.15198
,-0.15228
,-0.15258
,-0.15288
,-0.15318
,-0.15348
,-0.15378
,-0.15408
,-0.15437
,-0.15467
,-0.15497
,-0.15527
,-0.15557
,-0.15587
,-0.15617
,-0.15646
,-0.15676
,-0.15706
,-0.15736
,-0.15766
,-0.15796
,-0.15825
,-0.15855
,-0.15885
,-0.15915
,-0.15945
,-0.15974
,-0.16004
,-0.16034
,-0.16064
,-0.16093
,-0.16123
,-0.16153
,-0.16183
,-0.16212
,-0.16242
,-0.16272
,-0.16301
,-0.16331
,-0.16361
,-0.16391
,-0.16420
,-0.16450
,-0.16480
,-0.16509
,-0.16539
,-0.16568
,-0.16598
,-0.16628
,-0.16657
,-0.16687
,-0.16717
,-0.16746
,-0.16776
,-0.16805
,-0.16835
,-0.16865
,-0.16894
,-0.16924
,-0.16953
,-0.16983
,-0.17012
,-0.17042
,-0.17071
,-0.17101
,-0.17131
,-0.17160
,-0.17190
,-0.17219
,-0.17249
,-0.17278
,-0.17308
,-0.17337
,-0.17366
,-0.17396
,-0.17425
,-0.17455
,-0.17484
,-0.17514
,-0.17543
,-0.17573
,-0.17602
,-0.17631
,-0.17661
,-0.17690
,-0.17720
,-0.17749
,-0.17778
,-0.17808
,-0.17837
,-0.17866
,-0.17896
,-0.17925
,-0.17954
,-0.17984
,-0.18013
,-0.18042
,-0.18072
,-0.18101
,-0.18130
,-0.18159
,-0.18189
,-0.18218
,-0.18247
,-0.18276
,-0.18306
,-0.18335
,-0.18364
,-0.18393
,-0.18423
,-0.18452
,-0.18481
,-0.18510
,-0.18539
,-0.18569
,-0.18598
,-0.18627
,-0.18656
,-0.18685
,-0.18714
,-0.18743
,-0.18773
,-0.18802
,-0.18831
,-0.18860
,-0.18889
,-0.18918
,-0.18947
,-0.18976
,-0.19005
,-0.19034
,-0.19063
,-0.19092
,-0.19121
,-0.19150
,-0.19180
,-0.19209
,-0.19238
,-0.19267
,-0.19296
,-0.19325
,-0.19353
,-0.19382
,-0.19411
,-0.19440
,-0.19469
,-0.19498
,-0.19527
,-0.19556
,-0.19585
,-0.19614
,-0.19643
,-0.19672
,-0.19701
,-0.19729
,-0.19758
,-0.19787
,-0.19816
,-0.19845
,-0.19874
,-0.19903
,-0.19931
,-0.19960
,-0.19989
,-0.20018
,-0.20047
,-0.20075
,-0.20104
,-0.20133
,-0.20162
,-0.20190
,-0.20219
,-0.20248
,-0.20277
,-0.20305
,-0.20334
,-0.20363
,-0.20391
,-0.20420
,-0.20449
,-0.20477
,-0.20506
,-0.20535
,-0.20563
,-0.20592
,-0.20621
,-0.20649
,-0.20678
,-0.20706
,-0.20735
,-0.20764
,-0.20792
,-0.20821
,-0.20849
,-0.20878
,-0.20906
,-0.20935
,-0.20963
,-0.20992
,-0.21021
,-0.21049
,-0.21078
,-0.21106
,-0.21134
,-0.21163
,-0.21191
,-0.21220
,-0.21248
,-0.21277
,-0.21305
,-0.21334
,-0.21362
,-0.21390
,-0.21419
,-0.21447
,-0.21476
,-0.21504
,-0.21532
,-0.21561
,-0.21589
,-0.21617
,-0.21646
,-0.21674
,-0.21702
,-0.21731
,-0.21759
,-0.21787
,-0.21815
,-0.21844
,-0.21872
,-0.21900
,-0.21928
,-0.21957
,-0.21985
,-0.22013
,-0.22041
,-0.22070
,-0.22098
,-0.22126
,-0.22154
,-0.22182
,-0.22210
,-0.22239
,-0.22267
,-0.22295
,-0.22323
,-0.22351
,-0.22379
,-0.22407
,-0.22435
,-0.22463
,-0.22491
,-0.22519
,-0.22548
,-0.22576
,-0.22604
,-0.22632
,-0.22660
,-0.22688
,-0.22716
,-0.22744
,-0.22772
,-0.22800
,-0.22828
,-0.22855
,-0.22883
,-0.22911
,-0.22939
,-0.22967
,-0.22995
,-0.23023
,-0.23051
,-0.23079
,-0.23107
,-0.23134
,-0.23162
,-0.23190
,-0.23218
,-0.23246
,-0.23274
,-0.23301
,-0.23329
,-0.23357
,-0.23385
,-0.23413
,-0.23440
,-0.23468
,-0.23496
,-0.23523
,-0.23551
,-0.23579
,-0.23607
,-0.23634
,-0.23662
,-0.23690
,-0.23717
,-0.23745
,-0.23773
,-0.23800
,-0.23828
,-0.23856
,-0.23883
,-0.23911
,-0.23938
,-0.23966
,-0.23993
,-0.24021
,-0.24049
,-0.24076
,-0.24104
,-0.24131
,-0.24159
,-0.24186
,-0.24214
,-0.24241
,-0.24269
,-0.24296
,-0.24324
,-0.24351
,-0.24378
,-0.24406
,-0.24433
,-0.24461
,-0.24488
,-0.24515
,-0.24543
,-0.24570
,-0.24598
,-0.24625
,-0.24652
,-0.24680
,-0.24707
,-0.24734
,-0.24762
,-0.24789
,-0.24816
,-0.24843
,-0.24871
,-0.24898
,-0.24925
,-0.24952
,-0.24980
,-0.25007
,-0.25034
,-0.25061
,-0.25088
,-0.25116
,-0.25143
,-0.25170
,-0.25197
,-0.25224
,-0.25251
,-0.25278
,-0.25305
,-0.25333
,-0.25360
,-0.25387
,-0.25414
,-0.25441
,-0.25468
,-0.25495
,-0.25522
,-0.25549
,-0.25576
,-0.25603
,-0.25630
,-0.25657
,-0.25684
,-0.25711
,-0.25738
,-0.25765
,-0.25792
,-0.25819
,-0.25845
,-0.25872
,-0.25899
,-0.25926
,-0.25953
,-0.25980
,-0.26007
,-0.26033
,-0.26060
,-0.26087
,-0.26114
,-0.26141
,-0.26167
,-0.26194
,-0.26221
,-0.26248
,-0.26274
,-0.26301
,-0.26328
,-0.26355
,-0.26381
,-0.26408
,-0.26435
,-0.26461
,-0.26488
,-0.26515
,-0.26541
,-0.26568
,-0.26594
,-0.26621
,-0.26648
,-0.26674
,-0.26701
,-0.26727
,-0.26754
,-0.26780
,-0.26807
,-0.26834
,-0.26860
,-0.26887
,-0.26913
,-0.26939
,-0.26966
,-0.26992
,-0.27019
,-0.27045
,-0.27072
,-0.27098
,-0.27124
,-0.27151
,-0.27177
,-0.27204
,-0.27230
,-0.27256
,-0.27283
,-0.27309
,-0.27335
,-0.27362
,-0.27388
,-0.27414
,-0.27440
,-0.27467
,-0.27493
,-0.27519
,-0.27545
,-0.27572
,-0.27598
,-0.27624
,-0.27650
,-0.27676
,-0.27703
,-0.27729
,-0.27755
,-0.27781
,-0.27807
,-0.27833
,-0.27859
,-0.27885
,-0.27911
,-0.27938
,-0.27964
,-0.27990
,-0.28016
,-0.28042
,-0.28068
,-0.28094
,-0.28120
,-0.28146
,-0.28172
,-0.28198
,-0.28223
,-0.28249
,-0.28275
,-0.28301
,-0.28327
,-0.28353
,-0.28379
,-0.28405
,-0.28431
,-0.28456
,-0.28482
,-0.28508
,-0.28534
,-0.28560
,-0.28585
,-0.28611
,-0.28637
,-0.28663
,-0.28688
,-0.28714
,-0.28740
,-0.28766
,-0.28791
,-0.28817
,-0.28843
,-0.28868
,-0.28894
,-0.28920
,-0.28945
,-0.28971
,-0.28996
,-0.29022
,-0.29048
,-0.29073
,-0.29099
,-0.29124
,-0.29150
,-0.29175
,-0.29201
,-0.29226
,-0.29252
,-0.29277
,-0.29303
,-0.29328
,-0.29354
,-0.29379
,-0.29405
,-0.29430
,-0.29455
,-0.29481
,-0.29506
,-0.29531
,-0.29557
,-0.29582
,-0.29607
,-0.29633
,-0.29658
,-0.29683
,-0.29709
,-0.29734
,-0.29759
,-0.29784
,-0.29810
,-0.29835
,-0.29860
,-0.29885
,-0.29910
,-0.29936
,-0.29961
,-0.29986
,-0.30011
,-0.30036
,-0.30061
,-0.30086
,-0.30111
,-0.30137
,-0.30162
,-0.30187
,-0.30212
,-0.30237
,-0.30262
,-0.30287
,-0.30312
,-0.30337
,-0.30362
,-0.30387
,-0.30412
,-0.30437
,-0.30461
,-0.30486
,-0.30511
,-0.30536
,-0.30561
,-0.30586
,-0.30611
,-0.30636
,-0.30660
,-0.30685
,-0.30710
,-0.30735
,-0.30760
,-0.30784
,-0.30809
,-0.30834
,-0.30859
,-0.30883
,-0.30908
,-0.30933
,-0.30957
,-0.30982
,-0.31007
,-0.31031
,-0.31056
,-0.31081
,-0.31105
,-0.31130
,-0.31154
,-0.31179
,-0.31203
,-0.31228
,-0.31253
,-0.31277
,-0.31302
,-0.31326
,-0.31351
,-0.31375
,-0.31399
,-0.31424
,-0.31448
,-0.31473
,-0.31497
,-0.31522
,-0.31546
,-0.31570
,-0.31595
,-0.31619
,-0.31643
,-0.31668
,-0.31692
,-0.31716
,-0.31741
,-0.31765
,-0.31789
,-0.31813
,-0.31838
,-0.31862
,-0.31886
,-0.31910
,-0.31934
,-0.31959
,-0.31983
,-0.32007
,-0.32031
,-0.32055
,-0.32079
,-0.32103
,-0.32127
,-0.32151
,-0.32175
,-0.32200
,-0.32224
,-0.32248
,-0.32272
,-0.32296
,-0.32320
,-0.32344
,-0.32367
,-0.32391
,-0.32415
,-0.32439
,-0.32463
,-0.32487
,-0.32511
,-0.32535
,-0.32559
,-0.32582
,-0.32606
,-0.32630
,-0.32654
,-0.32678
,-0.32701
,-0.32725
,-0.32749
,-0.32773
,-0.32796
,-0.32820
,-0.32844
,-0.32868
,-0.32891
,-0.32915
,-0.32938
,-0.32962
,-0.32986
,-0.33009
,-0.33033
,-0.33057
,-0.33080
,-0.33104
,-0.33127
,-0.33151
,-0.33174
,-0.33198
,-0.33221
,-0.33245
,-0.33268
,-0.33292
,-0.33315
,-0.33338
,-0.33362
,-0.33385
,-0.33409
,-0.33432
,-0.33455
,-0.33479
,-0.33502
,-0.33525
,-0.33549
,-0.33572
,-0.33595
,-0.33618
,-0.33642
,-0.33665
,-0.33688
,-0.33711
,-0.33735
,-0.33758
,-0.33781
,-0.33804
,-0.33827
,-0.33850
,-0.33874
,-0.33897
,-0.33920
,-0.33943
,-0.33966
,-0.33989
,-0.34012
,-0.34035
,-0.34058
,-0.34081
,-0.34104
,-0.34127
,-0.34150
,-0.34173
,-0.34196
,-0.34219
,-0.34242
,-0.34264
,-0.34287
,-0.34310
,-0.34333
,-0.34356
,-0.34379
,-0.34401
,-0.34424
,-0.34447
,-0.34470
,-0.34493
,-0.34515
,-0.34538
,-0.34561
,-0.34583
,-0.34606
,-0.34629
,-0.34651
,-0.34674
,-0.34697
,-0.34719
,-0.34742
,-0.34765
,-0.34787
,-0.34810
,-0.34832
,-0.34855
,-0.34877
,-0.34900
,-0.34922
,-0.34945
,-0.34967
,-0.34990
,-0.35012
,-0.35035
,-0.35057
,-0.35079
,-0.35102
,-0.35124
,-0.35146
,-0.35169
,-0.35191
,-0.35213
,-0.35236
,-0.35258
,-0.35280
,-0.35303
,-0.35325
,-0.35347
,-0.35369
,-0.35391
,-0.35414
,-0.35436
,-0.35458
,-0.35480
,-0.35502
,-0.35524
,-0.35546
,-0.35569
,-0.35591
,-0.35613
,-0.35635
,-0.35657
,-0.35679
,-0.35701
,-0.35723
,-0.35745
,-0.35767
,-0.35789
,-0.35811
,-0.35832
,-0.35854
,-0.35876
,-0.35898
,-0.35920
,-0.35942
,-0.35964
,-0.35986
,-0.36007
,-0.36029
,-0.36051
,-0.36073
,-0.36094
,-0.36116
,-0.36138
,-0.36160
,-0.36181
,-0.36203
,-0.36225
,-0.36246
,-0.36268
,-0.36290
,-0.36311
,-0.36333
,-0.36354
,-0.36376
,-0.36397
,-0.36419
,-0.36440
,-0.36462
,-0.36483
,-0.36505
,-0.36526
,-0.36548
,-0.36569
,-0.36591
,-0.36612
,-0.36634
,-0.36655
,-0.36676
,-0.36698
,-0.36719
,-0.36740
,-0.36762
,-0.36783
,-0.36804
,-0.36825
,-0.36847
,-0.36868
,-0.36889
,-0.36910
,-0.36931
,-0.36953
,-0.36974
,-0.36995
,-0.37016
,-0.37037
,-0.37058
,-0.37079
,-0.37100
,-0.37121
,-0.37143
,-0.37164
,-0.37185
,-0.37206
,-0.37227
,-0.37248
,-0.37268
,-0.37289
,-0.37310
,-0.37331
,-0.37352
,-0.37373
,-0.37394
,-0.37415
,-0.37436
,-0.37456
,-0.37477
,-0.37498
,-0.37519
,-0.37540
,-0.37560
,-0.37581
,-0.37602
,-0.37622
,-0.37643
,-0.37664
,-0.37684
,-0.37705
,-0.37726
,-0.37746
,-0.37767
,-0.37787
,-0.37808
,-0.37829
,-0.37849
,-0.37870
,-0.37890
,-0.37911
,-0.37931
,-0.37952
,-0.37972
,-0.37992
,-0.38013
,-0.38033
,-0.38054
,-0.38074
,-0.38094
,-0.38115
,-0.38135
,-0.38155
,-0.38176
,-0.38196
,-0.38216
,-0.38237
,-0.38257
,-0.38277
,-0.38297
,-0.38317
,-0.38338
,-0.38358
,-0.38378
,-0.38398
,-0.38418
,-0.38438
,-0.38458
,-0.38478
,-0.38498
,-0.38518
,-0.38538
,-0.38558
,-0.38578
,-0.38598
,-0.38618
,-0.38638
,-0.38658
,-0.38678
,-0.38698
,-0.38718
,-0.38738
,-0.38758
,-0.38778
,-0.38797
,-0.38817
,-0.38837
,-0.38857
,-0.38877
,-0.38896
,-0.38916
,-0.38936
,-0.38955
,-0.38975
,-0.38995
,-0.39014
,-0.39034
,-0.39054
,-0.39073
,-0.39093
,-0.39113
,-0.39132
,-0.39152
,-0.39171
,-0.39191
,-0.39210
,-0.39230
,-0.39249
,-0.39269
,-0.39288
,-0.39308
,-0.39327
,-0.39346
,-0.39366
,-0.39385
,-0.39404
,-0.39424
,-0.39443
,-0.39462
,-0.39482
,-0.39501
,-0.39520
,-0.39539
,-0.39559
,-0.39578
,-0.39597
,-0.39616
,-0.39635
,-0.39655
,-0.39674
,-0.39693
,-0.39712
,-0.39731
,-0.39750
,-0.39769
,-0.39788
,-0.39807
,-0.39826
,-0.39845
,-0.39864
,-0.39883
,-0.39902
,-0.39921
,-0.39940
,-0.39959
,-0.39978
,-0.39996
,-0.40015
,-0.40034
,-0.40053
,-0.40072
,-0.40091
,-0.40109
,-0.40128
,-0.40147
,-0.40165
,-0.40184
,-0.40203
,-0.40222
,-0.40240
,-0.40259
,-0.40277
,-0.40296
,-0.40315
,-0.40333
,-0.40352
,-0.40370
,-0.40389
,-0.40407
,-0.40426
,-0.40444
,-0.40463
,-0.40481
,-0.40500
,-0.40518
,-0.40537
,-0.40555
,-0.40573
,-0.40592
,-0.40610
,-0.40628
,-0.40647
,-0.40665
,-0.40683
,-0.40701
,-0.40720
,-0.40738
,-0.40756
,-0.40774
,-0.40792
,-0.40811
,-0.40829
,-0.40847
,-0.40865
,-0.40883
,-0.40901
,-0.40919
,-0.40937
,-0.40955
,-0.40973
,-0.40991
,-0.41009
,-0.41027
,-0.41045
,-0.41063
,-0.41081
,-0.41099
,-0.41117
,-0.41135
,-0.41153
,-0.41170
,-0.41188
,-0.41206
,-0.41224
,-0.41242
,-0.41259
,-0.41277
,-0.41295
,-0.41313
,-0.41330
,-0.41348
,-0.41366
,-0.41383
,-0.41401
,-0.41418
,-0.41436
,-0.41454
,-0.41471
,-0.41489
,-0.41506
,-0.41524
,-0.41541
,-0.41559
,-0.41576
,-0.41594
,-0.41611
,-0.41628
,-0.41646
,-0.41663
,-0.41681
,-0.41698
,-0.41715
,-0.41733
,-0.41750
,-0.41767
,-0.41784
,-0.41802
,-0.41819
,-0.41836
,-0.41853
,-0.41871
,-0.41888
,-0.41905
,-0.41922
,-0.41939
,-0.41956
,-0.41973
,-0.41990
,-0.42007
,-0.42024
,-0.42041
,-0.42058
,-0.42075
,-0.42092
,-0.42109
,-0.42126
,-0.42143
,-0.42160
,-0.42177
,-0.42194
,-0.42211
,-0.42228
,-0.42244
,-0.42261
,-0.42278
,-0.42295
,-0.42311
,-0.42328
,-0.42345
,-0.42362
,-0.42378
,-0.42395
,-0.42412
,-0.42428
,-0.42445
,-0.42461
,-0.42478
,-0.42495
,-0.42511
,-0.42528
,-0.42544
,-0.42561
,-0.42577
,-0.42594
,-0.42610
,-0.42626
,-0.42643
,-0.42659
,-0.42676
,-0.42692
,-0.42708
,-0.42725
,-0.42741
,-0.42757
,-0.42774
,-0.42790
,-0.42806
,-0.42822
,-0.42839
,-0.42855
,-0.42871
,-0.42887
,-0.42903
,-0.42919
,-0.42935
,-0.42952
,-0.42968
,-0.42984
,-0.43000
,-0.43016
,-0.43032
,-0.43048
,-0.43064
,-0.43080
,-0.43096
,-0.43112
,-0.43127
,-0.43143
,-0.43159
,-0.43175
,-0.43191
,-0.43207
,-0.43223
,-0.43238
,-0.43254
,-0.43270
,-0.43286
,-0.43301
,-0.43317
,-0.43333
,-0.43348
,-0.43364
,-0.43380
,-0.43395
,-0.43411
,-0.43426
,-0.43442
,-0.43458
,-0.43473
,-0.43489
,-0.43504
,-0.43520
,-0.43535
,-0.43550
,-0.43566
,-0.43581
,-0.43597
,-0.43612
,-0.43627
,-0.43643
,-0.43658
,-0.43673
,-0.43689
,-0.43704
,-0.43719
,-0.43734
,-0.43750
,-0.43765
,-0.43780
,-0.43795
,-0.43810
,-0.43825
,-0.43841
,-0.43856
,-0.43871
,-0.43886
,-0.43901
,-0.43916
,-0.43931
,-0.43946
,-0.43961
,-0.43976
,-0.43991
,-0.44006
,-0.44021
,-0.44036
,-0.44050
,-0.44065
,-0.44080
,-0.44095
,-0.44110
,-0.44124
,-0.44139
,-0.44154
,-0.44169
,-0.44183
,-0.44198
,-0.44213
,-0.44228
,-0.44242
,-0.44257
,-0.44271
,-0.44286
,-0.44301
,-0.44315
,-0.44330
,-0.44344
,-0.44359
,-0.44373
,-0.44388
,-0.44402
,-0.44417
,-0.44431
,-0.44445
,-0.44460
,-0.44474
,-0.44488
,-0.44503
,-0.44517
,-0.44531
,-0.44546
,-0.44560
,-0.44574
,-0.44588
,-0.44603
,-0.44617
,-0.44631
,-0.44645
,-0.44659
,-0.44673
,-0.44688
,-0.44702
,-0.44716
,-0.44730
,-0.44744
,-0.44758
,-0.44772
,-0.44786
,-0.44800
,-0.44814
,-0.44828
,-0.44841
,-0.44855
,-0.44869
,-0.44883
,-0.44897
,-0.44911
,-0.44925
,-0.44938
,-0.44952
,-0.44966
,-0.44980
,-0.44993
,-0.45007
,-0.45021
,-0.45034
,-0.45048
,-0.45062
,-0.45075
,-0.45089
,-0.45102
,-0.45116
,-0.45129
,-0.45143
,-0.45156
,-0.45170
,-0.45183
,-0.45197
,-0.45210
,-0.45224
,-0.45237
,-0.45250
,-0.45264
,-0.45277
,-0.45290
,-0.45304
,-0.45317
,-0.45330
,-0.45344
,-0.45357
,-0.45370
,-0.45383
,-0.45396
,-0.45410
,-0.45423
,-0.45436
,-0.45449
,-0.45462
,-0.45475
,-0.45488
,-0.45501
,-0.45514
,-0.45527
,-0.45540
,-0.45553
,-0.45566
,-0.45579
,-0.45592
,-0.45605
,-0.45618
,-0.45631
,-0.45643
,-0.45656
,-0.45669
,-0.45682
,-0.45695
,-0.45707
,-0.45720
,-0.45733
,-0.45745
,-0.45758
,-0.45771
,-0.45783
,-0.45796
,-0.45809
,-0.45821
,-0.45834
,-0.45846
,-0.45859
,-0.45871
,-0.45884
,-0.45896
,-0.45909
,-0.45921
,-0.45934
,-0.45946
,-0.45958
,-0.45971
,-0.45983
,-0.45995
,-0.46008
,-0.46020
,-0.46032
,-0.46045
,-0.46057
,-0.46069
,-0.46081
,-0.46093
,-0.46106
,-0.46118
,-0.46130
,-0.46142
,-0.46154
,-0.46166
,-0.46178
,-0.46190
,-0.46202
,-0.46214
,-0.46226
,-0.46238
,-0.46250
,-0.46262
,-0.46274
,-0.46286
,-0.46298
,-0.46310
,-0.46321
,-0.46333
,-0.46345
,-0.46357
,-0.46369
,-0.46380
,-0.46392
,-0.46404
,-0.46415
,-0.46427
,-0.46439
,-0.46450
,-0.46462
,-0.46474
,-0.46485
,-0.46497
,-0.46508
,-0.46520
,-0.46531
,-0.46543
,-0.46554
,-0.46566
,-0.46577
,-0.46589
,-0.46600
,-0.46611
,-0.46623
,-0.46634
,-0.46645
,-0.46657
,-0.46668
,-0.46679
,-0.46691
,-0.46702
,-0.46713
,-0.46724
,-0.46735
,-0.46747
,-0.46758
,-0.46769
,-0.46780
,-0.46791
,-0.46802
,-0.46813
,-0.46824
,-0.46835
,-0.46846
,-0.46857
,-0.46868
,-0.46879
,-0.46890
,-0.46901
,-0.46912
,-0.46923
,-0.46933
,-0.46944
,-0.46955
,-0.46966
,-0.46977
,-0.46987
,-0.46998
,-0.47009
,-0.47019
,-0.47030
,-0.47041
,-0.47051
,-0.47062
,-0.47073
,-0.47083
,-0.47094
,-0.47104
,-0.47115
,-0.47125
,-0.47136
,-0.47146
,-0.47157
,-0.47167
,-0.47178
,-0.47188
,-0.47198
,-0.47209
,-0.47219
,-0.47229
,-0.47240
,-0.47250
,-0.47260
,-0.47271
,-0.47281
,-0.47291
,-0.47301
,-0.47311
,-0.47322
,-0.47332
,-0.47342
,-0.47352
,-0.47362
,-0.47372
,-0.47382
,-0.47392
,-0.47402
,-0.47412
,-0.47422
,-0.47432
,-0.47442
,-0.47452
,-0.47462
,-0.47472
,-0.47481
,-0.47491
,-0.47501
,-0.47511
,-0.47521
,-0.47530
,-0.47540
,-0.47550
,-0.47560
,-0.47569
,-0.47579
,-0.47589
,-0.47598
,-0.47608
,-0.47617
,-0.47627
,-0.47637
,-0.47646
,-0.47656
,-0.47665
,-0.47675
,-0.47684
,-0.47694
,-0.47703
,-0.47712
,-0.47722
,-0.47731
,-0.47740
,-0.47750
,-0.47759
,-0.47768
,-0.47778
,-0.47787
,-0.47796
,-0.47805
,-0.47815
,-0.47824
,-0.47833
,-0.47842
,-0.47851
,-0.47860
,-0.47869
,-0.47878
,-0.47887
,-0.47896
,-0.47905
,-0.47914
,-0.47923
,-0.47932
,-0.47941
,-0.47950
,-0.47959
,-0.47968
,-0.47977
,-0.47986
,-0.47995
,-0.48003
,-0.48012
,-0.48021
,-0.48030
,-0.48038
,-0.48047
,-0.48056
,-0.48064
,-0.48073
,-0.48082
,-0.48090
,-0.48099
,-0.48107
,-0.48116
,-0.48125
,-0.48133
,-0.48142
,-0.48150
,-0.48158
,-0.48167
,-0.48175
,-0.48184
,-0.48192
,-0.48200
,-0.48209
,-0.48217
,-0.48225
,-0.48234
,-0.48242
,-0.48250
,-0.48258
,-0.48267
,-0.48275
,-0.48283
,-0.48291
,-0.48299
,-0.48307
,-0.48316
,-0.48324
,-0.48332
,-0.48340
,-0.48348
,-0.48356
,-0.48364
,-0.48372
,-0.48380
,-0.48388
,-0.48395
,-0.48403
,-0.48411
,-0.48419
,-0.48427
,-0.48435
,-0.48442
,-0.48450
,-0.48458
,-0.48466
,-0.48473
,-0.48481
,-0.48489
,-0.48496
,-0.48504
,-0.48512
,-0.48519
,-0.48527
,-0.48534
,-0.48542
,-0.48550
,-0.48557
,-0.48565
,-0.48572
,-0.48579
,-0.48587
,-0.48594
,-0.48602
,-0.48609
,-0.48616
,-0.48624
,-0.48631
,-0.48638
,-0.48646
,-0.48653
,-0.48660
,-0.48667
,-0.48674
,-0.48682
,-0.48689
,-0.48696
,-0.48703
,-0.48710
,-0.48717
,-0.48724
,-0.48731
,-0.48738
,-0.48745
,-0.48752
,-0.48759
,-0.48766
,-0.48773
,-0.48780
,-0.48787
,-0.48794
,-0.48801
,-0.48808
,-0.48814
,-0.48821
,-0.48828
,-0.48835
,-0.48841
,-0.48848
,-0.48855
,-0.48862
,-0.48868
,-0.48875
,-0.48881
,-0.48888
,-0.48895
,-0.48901
,-0.48908
,-0.48914
,-0.48921
,-0.48927
,-0.48934
,-0.48940
,-0.48947
,-0.48953
,-0.48959
,-0.48966
,-0.48972
,-0.48978
,-0.48985
,-0.48991
,-0.48997
,-0.49004
,-0.49010
,-0.49016
,-0.49022
,-0.49028
,-0.49034
,-0.49041
,-0.49047
,-0.49053
,-0.49059
,-0.49065
,-0.49071
,-0.49077
,-0.49083
,-0.49089
,-0.49095
,-0.49101
,-0.49107
,-0.49113
,-0.49119
,-0.49124
,-0.49130
,-0.49136
,-0.49142
,-0.49148
,-0.49153
,-0.49159
,-0.49165
,-0.49171
,-0.49176
,-0.49182
,-0.49188
,-0.49193
,-0.49199
,-0.49205
,-0.49210
,-0.49216
,-0.49221
,-0.49227
,-0.49232
,-0.49238
,-0.49243
,-0.49249
,-0.49254
,-0.49259
,-0.49265
,-0.49270
,-0.49275
,-0.49281
,-0.49286
,-0.49291
,-0.49297
,-0.49302
,-0.49307
,-0.49312
,-0.49317
,-0.49323
,-0.49328
,-0.49333
,-0.49338
,-0.49343
,-0.49348
,-0.49353
,-0.49358
,-0.49363
,-0.49368
,-0.49373
,-0.49378
,-0.49383
,-0.49388
,-0.49393
,-0.49398
,-0.49403
,-0.49407
,-0.49412
,-0.49417
,-0.49422
,-0.49427
,-0.49431
,-0.49436
,-0.49441
,-0.49445
,-0.49450
,-0.49455
,-0.49459
,-0.49464
,-0.49468
,-0.49473
,-0.49478
,-0.49482
,-0.49487
,-0.49491
,-0.49496
,-0.49500
,-0.49504
,-0.49509
,-0.49513
,-0.49518
,-0.49522
,-0.49526
,-0.49531
,-0.49535
,-0.49539
,-0.49543
,-0.49548
,-0.49552
,-0.49556
,-0.49560
,-0.49564
,-0.49568
,-0.49572
,-0.49577
,-0.49581
,-0.49585
,-0.49589
,-0.49593
,-0.49597
,-0.49601
,-0.49605
,-0.49609
,-0.49613
,-0.49616
,-0.49620
,-0.49624
,-0.49628
,-0.49632
,-0.49636
,-0.49639
,-0.49643
,-0.49647
,-0.49651
,-0.49654
,-0.49658
,-0.49662
,-0.49665
,-0.49669
,-0.49672
,-0.49676
,-0.49680
,-0.49683
,-0.49687
,-0.49690
,-0.49694
,-0.49697
,-0.49701
,-0.49704
,-0.49707
,-0.49711
,-0.49714
,-0.49717
,-0.49721
,-0.49724
,-0.49727
,-0.49731
,-0.49734
,-0.49737
,-0.49740
,-0.49744
,-0.49747
,-0.49750
,-0.49753
,-0.49756
,-0.49759
,-0.49762
,-0.49765
,-0.49768
,-0.49771
,-0.49774
,-0.49777
,-0.49780
,-0.49783
,-0.49786
,-0.49789
,-0.49792
,-0.49795
,-0.49798
,-0.49800
,-0.49803
,-0.49806
,-0.49809
,-0.49811
,-0.49814
,-0.49817
,-0.49820
,-0.49822
,-0.49825
,-0.49827
,-0.49830
,-0.49833
,-0.49835
,-0.49838
,-0.49840
,-0.49843
,-0.49845
,-0.49848
,-0.49850
,-0.49853
,-0.49855
,-0.49857
,-0.49860
,-0.49862
,-0.49864
,-0.49867
,-0.49869
,-0.49871
,-0.49873
,-0.49876
,-0.49878
,-0.49880
,-0.49882
,-0.49884
,-0.49886
,-0.49889
,-0.49891
,-0.49893
,-0.49895
,-0.49897
,-0.49899
,-0.49901
,-0.49903
,-0.49905
,-0.49907
,-0.49909
,-0.49910
,-0.49912
,-0.49914
,-0.49916
,-0.49918
,-0.49920
,-0.49921
,-0.49923
,-0.49925
,-0.49927
,-0.49928
,-0.49930
,-0.49932
,-0.49933
,-0.49935
,-0.49936
,-0.49938
,-0.49940
,-0.49941
,-0.49943
,-0.49944
,-0.49946
,-0.49947
,-0.49948
,-0.49950
,-0.49951
,-0.49953
,-0.49954
,-0.49955
,-0.49957
,-0.49958
,-0.49959
,-0.49961
,-0.49962
,-0.49963
,-0.49964
,-0.49965
,-0.49967
,-0.49968
,-0.49969
,-0.49970
,-0.49971
,-0.49972
,-0.49973
,-0.49974
,-0.49975
,-0.49976
,-0.49977
,-0.49978
,-0.49979
,-0.49980
,-0.49981
,-0.49982
,-0.49982
,-0.49983
,-0.49984
,-0.49985
,-0.49986
,-0.49986
,-0.49987
,-0.49988
,-0.49988
,-0.49989
,-0.49990
,-0.49990
,-0.49991
,-0.49992
,-0.49992
,-0.49993
,-0.49993
,-0.49994
,-0.49994
,-0.49995
,-0.49995
,-0.49996
,-0.49996
,-0.49996
,-0.49997
,-0.49997
,-0.49997
,-0.49998
,-0.49998
,-0.49998
,-0.49999
,-0.49999
,-0.49999
,-0.49999
,-0.49999
,-0.49999
,-0.50000
,-0.50000
,-0.50000
,-0.50000
,-0.50000
,-0.50000
,-0.50000
,-0.50000
,-0.50000
,-0.50000
,-0.50000
,-0.50000
,-0.50000
,-0.50000
,-0.49999
,-0.49999
,-0.49999
,-0.49999
,-0.49999
,-0.49998
,-0.49998
,-0.49998
,-0.49998
,-0.49997
,-0.49997
,-0.49997
,-0.49996
,-0.49996
,-0.49995
,-0.49995
,-0.49994
,-0.49994
,-0.49993
,-0.49993
,-0.49992
,-0.49992
,-0.49991
,-0.49991
,-0.49990
,-0.49989
,-0.49989
,-0.49988
,-0.49987
,-0.49987
,-0.49986
,-0.49985
,-0.49984
,-0.49984
,-0.49983
,-0.49982
,-0.49981
,-0.49980
,-0.49979
,-0.49978
,-0.49977
,-0.49977
,-0.49976
,-0.49975
,-0.49974
,-0.49973
,-0.49971
,-0.49970
,-0.49969
,-0.49968
,-0.49967
,-0.49966
,-0.49965
,-0.49964
,-0.49962
,-0.49961
,-0.49960
,-0.49959
,-0.49957
,-0.49956
,-0.49955
,-0.49953
,-0.49952
,-0.49951
,-0.49949
,-0.49948
,-0.49946
,-0.49945
,-0.49943
,-0.49942
,-0.49940
,-0.49939
,-0.49937
,-0.49936
,-0.49934
,-0.49932
,-0.49931
,-0.49929
,-0.49927
,-0.49926
,-0.49924
,-0.49922
,-0.49921
,-0.49919
,-0.49917
,-0.49915
,-0.49913
,-0.49911
,-0.49910
,-0.49908
,-0.49906
,-0.49904
,-0.49902
,-0.49900
,-0.49898
,-0.49896
,-0.49894
,-0.49892
,-0.49890
,-0.49888
,-0.49885
,-0.49883
,-0.49881
,-0.49879
,-0.49877
,-0.49875
,-0.49872
,-0.49870
,-0.49868
,-0.49866
,-0.49863
,-0.49861
,-0.49859
,-0.49856
,-0.49854
,-0.49851
,-0.49849
,-0.49846
,-0.49844
,-0.49841
,-0.49839
,-0.49836
,-0.49834
,-0.49831
,-0.49829
,-0.49826
,-0.49824
,-0.49821
,-0.49818
,-0.49816
,-0.49813
,-0.49810
,-0.49807
,-0.49805
,-0.49802
,-0.49799
,-0.49796
,-0.49793
,-0.49790
,-0.49788
,-0.49785
,-0.49782
,-0.49779
,-0.49776
,-0.49773
,-0.49770
,-0.49767
,-0.49764
,-0.49761
,-0.49758
,-0.49755
,-0.49751
,-0.49748
,-0.49745
,-0.49742
,-0.49739
,-0.49736
,-0.49732
,-0.49729
,-0.49726
,-0.49722
,-0.49719
,-0.49716
,-0.49712
,-0.49709
,-0.49706
,-0.49702
,-0.49699
,-0.49695
,-0.49692
,-0.49688
,-0.49685
,-0.49681
,-0.49678
,-0.49674
,-0.49671
,-0.49667
,-0.49663
,-0.49660
,-0.49656
,-0.49652
,-0.49649
,-0.49645
,-0.49641
,-0.49637
,-0.49634
,-0.49630
,-0.49626
,-0.49622
,-0.49618
,-0.49614
,-0.49611
,-0.49607
,-0.49603
,-0.49599
,-0.49595
,-0.49591
,-0.49587
,-0.49583
,-0.49579
,-0.49575
,-0.49570
,-0.49566
,-0.49562
,-0.49558
,-0.49554
,-0.49550
,-0.49545
,-0.49541
,-0.49537
,-0.49533
,-0.49528
,-0.49524
,-0.49520
,-0.49515
,-0.49511
,-0.49507
,-0.49502
,-0.49498
,-0.49493
,-0.49489
,-0.49484
,-0.49480
,-0.49475
,-0.49471
,-0.49466
,-0.49462
,-0.49457
,-0.49452
,-0.49448
,-0.49443
,-0.49438
,-0.49434
,-0.49429
,-0.49424
,-0.49419
,-0.49415
,-0.49410
,-0.49405
,-0.49400
,-0.49395
,-0.49390
,-0.49386
,-0.49381
,-0.49376
,-0.49371
,-0.49366
,-0.49361
,-0.49356
,-0.49351
,-0.49346
,-0.49341
,-0.49335
,-0.49330
,-0.49325
,-0.49320
,-0.49315
,-0.49310
,-0.49304
,-0.49299
,-0.49294
,-0.49289
,-0.49283
,-0.49278
,-0.49273
,-0.49267
,-0.49262
,-0.49257
,-0.49251
,-0.49246
,-0.49240
,-0.49235
,-0.49229
,-0.49224
,-0.49218
,-0.49213
,-0.49207
,-0.49202
,-0.49196
,-0.49190
,-0.49185
,-0.49179
,-0.49174
,-0.49168
,-0.49162
,-0.49156
,-0.49151
,-0.49145
,-0.49139
,-0.49133
,-0.49127
,-0.49122
,-0.49116
,-0.49110
,-0.49104
,-0.49098
,-0.49092
,-0.49086
,-0.49080
,-0.49074
,-0.49068
,-0.49062
,-0.49056
,-0.49050
,-0.49044
,-0.49038
,-0.49031
,-0.49025
,-0.49019
,-0.49013
,-0.49007
,-0.49000
,-0.48994
,-0.48988
,-0.48982
,-0.48975
,-0.48969
,-0.48963
,-0.48956
,-0.48950
,-0.48943
,-0.48937
,-0.48930
,-0.48924
,-0.48917
,-0.48911
,-0.48904
,-0.48898
,-0.48891
,-0.48885
,-0.48878
,-0.48871
,-0.48865
,-0.48858
,-0.48851
,-0.48845
,-0.48838
,-0.48831
,-0.48825
,-0.48818
,-0.48811
,-0.48804
,-0.48797
,-0.48790
,-0.48784
,-0.48777
,-0.48770
,-0.48763
,-0.48756
,-0.48749
,-0.48742
,-0.48735
,-0.48728
,-0.48721
,-0.48714
,-0.48707
,-0.48700
,-0.48692
,-0.48685
,-0.48678
,-0.48671
,-0.48664
,-0.48656
,-0.48649
,-0.48642
,-0.48635
,-0.48627
,-0.48620
,-0.48613
,-0.48605
,-0.48598
,-0.48591
,-0.48583
,-0.48576
,-0.48568
,-0.48561
,-0.48553
,-0.48546
,-0.48538
,-0.48531
,-0.48523
,-0.48516
,-0.48508
,-0.48500
,-0.48493
,-0.48485
,-0.48477
,-0.48470
,-0.48462
,-0.48454
,-0.48446
,-0.48439
,-0.48431
,-0.48423
,-0.48415
,-0.48407
,-0.48399
,-0.48392
,-0.48384
,-0.48376
,-0.48368
,-0.48360
,-0.48352
,-0.48344
,-0.48336
,-0.48328
,-0.48320
,-0.48312
,-0.48303
,-0.48295
,-0.48287
,-0.48279
,-0.48271
,-0.48263
,-0.48254
,-0.48246
,-0.48238
,-0.48230
,-0.48221
,-0.48213
,-0.48205
,-0.48196
,-0.48188
,-0.48180
,-0.48171
,-0.48163
,-0.48154
,-0.48146
,-0.48137
,-0.48129
,-0.48120
,-0.48112
,-0.48103
,-0.48095
,-0.48086
,-0.48077
,-0.48069
,-0.48060
,-0.48051
,-0.48043
,-0.48034
,-0.48025
,-0.48016
,-0.48008
,-0.47999
,-0.47990
,-0.47981
,-0.47972
,-0.47964
,-0.47955
,-0.47946
,-0.47937
,-0.47928
,-0.47919
,-0.47910
,-0.47901
,-0.47892
,-0.47883
,-0.47874
,-0.47865
,-0.47856
,-0.47847
,-0.47837
,-0.47828
,-0.47819
,-0.47810
,-0.47801
,-0.47792
,-0.47782
,-0.47773
,-0.47764
,-0.47754
,-0.47745
,-0.47736
,-0.47726
,-0.47717
,-0.47708
,-0.47698
,-0.47689
,-0.47679
,-0.47670
,-0.47660
,-0.47651
,-0.47641
,-0.47632
,-0.47622
,-0.47613
,-0.47603
,-0.47593
,-0.47584
,-0.47574
,-0.47564
,-0.47555
,-0.47545
,-0.47535
,-0.47526
,-0.47516
,-0.47506
,-0.47496
,-0.47486
,-0.47477
,-0.47467
,-0.47457
,-0.47447
,-0.47437
,-0.47427
,-0.47417
,-0.47407
,-0.47397
,-0.47387
,-0.47377
,-0.47367
,-0.47357
,-0.47347
,-0.47337
,-0.47327
,-0.47316
,-0.47306
,-0.47296
,-0.47286
,-0.47276
,-0.47265
,-0.47255
,-0.47245
,-0.47235
,-0.47224
,-0.47214
,-0.47204
,-0.47193
,-0.47183
,-0.47172
,-0.47162
,-0.47152
,-0.47141
,-0.47131
,-0.47120
,-0.47110
,-0.47099
,-0.47089
,-0.47078
,-0.47067
,-0.47057
,-0.47046
,-0.47035
,-0.47025
,-0.47014
,-0.47003
,-0.46993
,-0.46982
,-0.46971
,-0.46960
,-0.46950
,-0.46939
,-0.46928
,-0.46917
,-0.46906
,-0.46895
,-0.46884
,-0.46874
,-0.46863
,-0.46852
,-0.46841
,-0.46830
,-0.46819
,-0.46808
,-0.46797
,-0.46785
,-0.46774
,-0.46763
,-0.46752
,-0.46741
,-0.46730
,-0.46719
,-0.46707
,-0.46696
,-0.46685
,-0.46674
,-0.46662
,-0.46651
,-0.46640
,-0.46628
,-0.46617
,-0.46606
,-0.46594
,-0.46583
,-0.46572
,-0.46560
,-0.46549
,-0.46537
,-0.46526
,-0.46514
,-0.46503
,-0.46491
,-0.46479
,-0.46468
,-0.46456
,-0.46445
,-0.46433
,-0.46421
,-0.46410
,-0.46398
,-0.46386
,-0.46374
,-0.46363
,-0.46351
,-0.46339
,-0.46327
,-0.46316
,-0.46304
,-0.46292
,-0.46280
,-0.46268
,-0.46256
,-0.46244
,-0.46232
,-0.46220
,-0.46208
,-0.46196
,-0.46184
,-0.46172
,-0.46160
,-0.46148
,-0.46136
,-0.46124
,-0.46112
,-0.46099
,-0.46087
,-0.46075
,-0.46063
,-0.46051
,-0.46038
,-0.46026
,-0.46014
,-0.46002
,-0.45989
,-0.45977
,-0.45965
,-0.45952
,-0.45940
,-0.45927
,-0.45915
,-0.45903
,-0.45890
,-0.45878
,-0.45865
,-0.45853
,-0.45840
,-0.45827
,-0.45815
,-0.45802
,-0.45790
,-0.45777
,-0.45764
,-0.45752
,-0.45739
,-0.45726
,-0.45714
,-0.45701
,-0.45688
,-0.45675
,-0.45663
,-0.45650
,-0.45637
,-0.45624
,-0.45611
,-0.45598
,-0.45585
,-0.45573
,-0.45560
,-0.45547
,-0.45534
,-0.45521
,-0.45508
,-0.45495
,-0.45482
,-0.45469
,-0.45455
,-0.45442
,-0.45429
,-0.45416
,-0.45403
,-0.45390
,-0.45377
,-0.45363
,-0.45350
,-0.45337
,-0.45324
,-0.45310
,-0.45297
,-0.45284
,-0.45270
,-0.45257
,-0.45244
,-0.45230
,-0.45217
,-0.45204
,-0.45190
,-0.45177
,-0.45163
,-0.45150
,-0.45136
,-0.45123
,-0.45109
,-0.45096
,-0.45082
,-0.45068
,-0.45055
,-0.45041
,-0.45027
,-0.45014
,-0.45000
,-0.44986
,-0.44973
,-0.44959
,-0.44945
,-0.44931
,-0.44918
,-0.44904
,-0.44890
,-0.44876
,-0.44862
,-0.44848
,-0.44835
,-0.44821
,-0.44807
,-0.44793
,-0.44779
,-0.44765
,-0.44751
,-0.44737
,-0.44723
,-0.44709
,-0.44695
,-0.44680
,-0.44666
,-0.44652
,-0.44638
,-0.44624
,-0.44610
,-0.44596
,-0.44581
,-0.44567
,-0.44553
,-0.44539
,-0.44524
,-0.44510
,-0.44496
,-0.44481
,-0.44467
,-0.44453
,-0.44438
,-0.44424
,-0.44409
,-0.44395
,-0.44380
,-0.44366
,-0.44351
,-0.44337
,-0.44322
,-0.44308
,-0.44293
,-0.44279
,-0.44264
,-0.44249
,-0.44235
,-0.44220
,-0.44206
,-0.44191
,-0.44176
,-0.44161
,-0.44147
,-0.44132
,-0.44117
,-0.44102
,-0.44087
,-0.44073
,-0.44058
,-0.44043
,-0.44028
,-0.44013
,-0.43998
,-0.43983
,-0.43968
,-0.43953
,-0.43938
,-0.43923
,-0.43908
,-0.43893
,-0.43878
,-0.43863
,-0.43848
,-0.43833
,-0.43818
,-0.43803
,-0.43788
,-0.43772
,-0.43757
,-0.43742
,-0.43727
,-0.43712
,-0.43696
,-0.43681
,-0.43666
,-0.43650
,-0.43635
,-0.43620
,-0.43604
,-0.43589
,-0.43574
,-0.43558
,-0.43543
,-0.43527
,-0.43512
,-0.43496
,-0.43481
,-0.43465
,-0.43450
,-0.43434
,-0.43419
,-0.43403
,-0.43387
,-0.43372
,-0.43356
,-0.43340
,-0.43325
,-0.43309
,-0.43293
,-0.43278
,-0.43262
,-0.43246
,-0.43230
,-0.43215
,-0.43199
,-0.43183
,-0.43167
,-0.43151
,-0.43135
,-0.43119
,-0.43104
,-0.43088
,-0.43072
,-0.43056
,-0.43040
,-0.43024
,-0.43008
,-0.42992
,-0.42976
,-0.42960
,-0.42943
,-0.42927
,-0.42911
,-0.42895
,-0.42879
,-0.42863
,-0.42847
,-0.42830
,-0.42814
,-0.42798
,-0.42782
,-0.42765
,-0.42749
,-0.42733
,-0.42717
,-0.42700
,-0.42684
,-0.42667
,-0.42651
,-0.42635
,-0.42618
,-0.42602
,-0.42585
,-0.42569
,-0.42552
,-0.42536
,-0.42519
,-0.42503
,-0.42486
,-0.42470
,-0.42453
,-0.42437
,-0.42420
,-0.42403
,-0.42387
,-0.42370
,-0.42353
,-0.42337
,-0.42320
,-0.42303
,-0.42286
,-0.42270
,-0.42253
,-0.42236
,-0.42219
,-0.42202
,-0.42185
,-0.42169
,-0.42152
,-0.42135
,-0.42118
,-0.42101
,-0.42084
,-0.42067
,-0.42050
,-0.42033
,-0.42016
,-0.41999
,-0.41982
,-0.41965
,-0.41948
,-0.41931
,-0.41913
,-0.41896
,-0.41879
,-0.41862
,-0.41845
,-0.41828
,-0.41810
,-0.41793
,-0.41776
,-0.41759
,-0.41741
,-0.41724
,-0.41707
,-0.41689
,-0.41672
,-0.41655
,-0.41637
,-0.41620
,-0.41602
,-0.41585
,-0.41567
,-0.41550
,-0.41533
,-0.41515
,-0.41498
,-0.41480
,-0.41462
,-0.41445
,-0.41427
,-0.41410
,-0.41392
,-0.41374
,-0.41357
,-0.41339
,-0.41321
,-0.41304
,-0.41286
,-0.41268
,-0.41251
,-0.41233
,-0.41215
,-0.41197
,-0.41179
,-0.41162
,-0.41144
,-0.41126
,-0.41108
,-0.41090
,-0.41072
,-0.41054
,-0.41036
,-0.41018
,-0.41000
,-0.40982
,-0.40964
,-0.40946
,-0.40928
,-0.40910
,-0.40892
,-0.40874
,-0.40856
,-0.40838
,-0.40820
,-0.40802
,-0.40783
,-0.40765
,-0.40747
,-0.40729
,-0.40711
,-0.40692
,-0.40674
,-0.40656
,-0.40637
,-0.40619
,-0.40601
,-0.40582
,-0.40564
,-0.40546
,-0.40527
,-0.40509
,-0.40491
,-0.40472
,-0.40454
,-0.40435
,-0.40417
,-0.40398
,-0.40380
,-0.40361
,-0.40343
,-0.40324
,-0.40305
,-0.40287
,-0.40268
,-0.40250
,-0.40231
,-0.40212
,-0.40194
,-0.40175
,-0.40156
,-0.40137
,-0.40119
,-0.40100
,-0.40081
,-0.40062
,-0.40044
,-0.40025
,-0.40006
,-0.39987
,-0.39968
,-0.39949
,-0.39930
,-0.39911
,-0.39893
,-0.39874
,-0.39855
,-0.39836
,-0.39817
,-0.39798
,-0.39779
,-0.39760
,-0.39740
,-0.39721
,-0.39702
,-0.39683
,-0.39664
,-0.39645
,-0.39626
,-0.39607
,-0.39587
,-0.39568
,-0.39549
,-0.39530
,-0.39511
,-0.39491
,-0.39472
,-0.39453
,-0.39433
,-0.39414
,-0.39395
,-0.39375
,-0.39356
,-0.39337
,-0.39317
,-0.39298
,-0.39278
,-0.39259
,-0.39239
,-0.39220
,-0.39200
,-0.39181
,-0.39161
,-0.39142
,-0.39122
,-0.39103
,-0.39083
,-0.39064
,-0.39044
,-0.39024
,-0.39005
,-0.38985
,-0.38965
,-0.38946
,-0.38926
,-0.38906
,-0.38886
,-0.38867
,-0.38847
,-0.38827
,-0.38807
,-0.38788
,-0.38768
,-0.38748
,-0.38728
,-0.38708
,-0.38688
,-0.38668
,-0.38648
,-0.38628
,-0.38608
,-0.38588
,-0.38568
,-0.38548
,-0.38528
,-0.38508
,-0.38488
,-0.38468
,-0.38448
,-0.38428
,-0.38408
,-0.38388
,-0.38368
,-0.38348
,-0.38327
,-0.38307
,-0.38287
,-0.38267
,-0.38247
,-0.38226
,-0.38206
,-0.38186
,-0.38166
,-0.38145
,-0.38125
,-0.38105
,-0.38084
,-0.38064
,-0.38043
,-0.38023
,-0.38003
,-0.37982
,-0.37962
,-0.37941
,-0.37921
,-0.37900
,-0.37880
,-0.37859
,-0.37839
,-0.37818
,-0.37798
,-0.37777
,-0.37757
,-0.37736
,-0.37715
,-0.37695
,-0.37674
,-0.37653
,-0.37633
,-0.37612
,-0.37591
,-0.37571
,-0.37550
,-0.37529
,-0.37508
,-0.37488
,-0.37467
,-0.37446
,-0.37425
,-0.37404
,-0.37383
,-0.37363
,-0.37342
,-0.37321
,-0.37300
,-0.37279
,-0.37258
,-0.37237
,-0.37216
,-0.37195
,-0.37174
,-0.37153
,-0.37132
,-0.37111
,-0.37090
,-0.37069
,-0.37048
,-0.37027
,-0.37005
,-0.36984
,-0.36963
,-0.36942
,-0.36921
,-0.36900
,-0.36878
,-0.36857
,-0.36836
,-0.36815
,-0.36793
,-0.36772
,-0.36751
,-0.36730
,-0.36708
,-0.36687
,-0.36666
,-0.36644
,-0.36623
,-0.36601
,-0.36580
,-0.36559
,-0.36537
,-0.36516
,-0.36494
,-0.36473
,-0.36451
,-0.36430
,-0.36408
,-0.36387
,-0.36365
,-0.36344
,-0.36322
,-0.36300
,-0.36279
,-0.36257
,-0.36235
,-0.36214
,-0.36192
,-0.36170
,-0.36149
,-0.36127
,-0.36105
,-0.36084
,-0.36062
,-0.36040
,-0.36018
,-0.35996
,-0.35975
,-0.35953
,-0.35931
,-0.35909
,-0.35887
,-0.35865
,-0.35843
,-0.35822
,-0.35800
,-0.35778
,-0.35756
,-0.35734
,-0.35712
,-0.35690
,-0.35668
,-0.35646
,-0.35624
,-0.35602
,-0.35580
,-0.35557
,-0.35535
,-0.35513
,-0.35491
,-0.35469
,-0.35447
,-0.35425
,-0.35403
,-0.35380
,-0.35358
,-0.35336
,-0.35314
,-0.35291
,-0.35269
,-0.35247
,-0.35225
,-0.35202
,-0.35180
,-0.35158
,-0.35135
,-0.35113
,-0.35091
,-0.35068
,-0.35046
,-0.35023
,-0.35001
,-0.34978
,-0.34956
,-0.34934
,-0.34911
,-0.34889
,-0.34866
,-0.34843
,-0.34821
,-0.34798
,-0.34776
,-0.34753
,-0.34731
,-0.34708
,-0.34685
,-0.34663
,-0.34640
,-0.34617
,-0.34595
,-0.34572
,-0.34549
,-0.34527
,-0.34504
,-0.34481
,-0.34458
,-0.34436
,-0.34413
,-0.34390
,-0.34367
,-0.34344
,-0.34322
,-0.34299
,-0.34276
,-0.34253
,-0.34230
,-0.34207
,-0.34184
,-0.34161
,-0.34138
,-0.34115
,-0.34092
,-0.34069
,-0.34046
,-0.34023
,-0.34000
,-0.33977
,-0.33954
,-0.33931
,-0.33908
,-0.33885
,-0.33862
,-0.33839
,-0.33816
,-0.33793
,-0.33769
,-0.33746
,-0.33723
,-0.33700
,-0.33677
,-0.33653
,-0.33630
,-0.33607
,-0.33584
,-0.33560
,-0.33537
,-0.33514
,-0.33490
,-0.33467
,-0.33444
,-0.33420
,-0.33397
,-0.33374
,-0.33350
,-0.33327
,-0.33303
,-0.33280
,-0.33256
,-0.33233
,-0.33209
,-0.33186
,-0.33162
,-0.33139
,-0.33115
,-0.33092
,-0.33068
,-0.33045
,-0.33021
,-0.32998
,-0.32974
,-0.32950
,-0.32927
,-0.32903
,-0.32879
,-0.32856
,-0.32832
,-0.32808
,-0.32785
,-0.32761
,-0.32737
,-0.32713
,-0.32690
,-0.32666
,-0.32642
,-0.32618
,-0.32594
,-0.32571
,-0.32547
,-0.32523
,-0.32499
,-0.32475
,-0.32451
,-0.32427
,-0.32403
,-0.32379
,-0.32355
,-0.32332
,-0.32308
,-0.32284
,-0.32260
,-0.32236
,-0.32212
,-0.32187
,-0.32163
,-0.32139
,-0.32115
,-0.32091
,-0.32067
,-0.32043
,-0.32019
,-0.31995
,-0.31971
,-0.31946
,-0.31922
,-0.31898
,-0.31874
,-0.31850
,-0.31825
,-0.31801
,-0.31777
,-0.31753
,-0.31728
,-0.31704
,-0.31680
,-0.31655
,-0.31631
,-0.31607
,-0.31582
,-0.31558
,-0.31534
,-0.31509
,-0.31485
,-0.31461
,-0.31436
,-0.31412
,-0.31387
,-0.31363
,-0.31338
,-0.31314
,-0.31289
,-0.31265
,-0.31240
,-0.31216
,-0.31191
,-0.31167
,-0.31142
,-0.31117
,-0.31093
,-0.31068
,-0.31044
,-0.31019
,-0.30994
,-0.30970
,-0.30945
,-0.30920
,-0.30896
,-0.30871
,-0.30846
,-0.30821
,-0.30797
,-0.30772
,-0.30747
,-0.30722
,-0.30698
,-0.30673
,-0.30648
,-0.30623
,-0.30598
,-0.30573
,-0.30549
,-0.30524
,-0.30499
,-0.30474
,-0.30449
,-0.30424
,-0.30399
,-0.30374
,-0.30349
,-0.30324
,-0.30299
,-0.30274
,-0.30249
,-0.30224
,-0.30199
,-0.30174
,-0.30149
,-0.30124
,-0.30099
,-0.30074
,-0.30049
,-0.30024
,-0.29998
,-0.29973
,-0.29948
,-0.29923
,-0.29898
,-0.29873
,-0.29847
,-0.29822
,-0.29797
,-0.29772
,-0.29747
,-0.29721
,-0.29696
,-0.29671
,-0.29645
,-0.29620
,-0.29595
,-0.29569
,-0.29544
,-0.29519
,-0.29493
,-0.29468
,-0.29443
,-0.29417
,-0.29392
,-0.29366
,-0.29341
,-0.29316
,-0.29290
,-0.29265
,-0.29239
,-0.29214
,-0.29188
,-0.29163
,-0.29137
,-0.29112
,-0.29086
,-0.29060
,-0.29035
,-0.29009
,-0.28984
,-0.28958
,-0.28932
,-0.28907
,-0.28881
,-0.28855
,-0.28830
,-0.28804
,-0.28778
,-0.28753
,-0.28727
,-0.28701
,-0.28676
,-0.28650
,-0.28624
,-0.28598
,-0.28573
,-0.28547
,-0.28521
,-0.28495
,-0.28469
,-0.28444
,-0.28418
,-0.28392
,-0.28366
,-0.28340
,-0.28314
,-0.28288
,-0.28262
,-0.28236
,-0.28210
,-0.28185
,-0.28159
,-0.28133
,-0.28107
,-0.28081
,-0.28055
,-0.28029
,-0.28003
,-0.27977
,-0.27951
,-0.27924
,-0.27898
,-0.27872
,-0.27846
,-0.27820
,-0.27794
,-0.27768
,-0.27742
,-0.27716
,-0.27689
,-0.27663
,-0.27637
,-0.27611
,-0.27585
,-0.27559
,-0.27532
,-0.27506
,-0.27480
,-0.27454
,-0.27427
,-0.27401
,-0.27375
,-0.27348
,-0.27322
,-0.27296
,-0.27269
,-0.27243
,-0.27217
,-0.27190
,-0.27164
,-0.27138
,-0.27111
,-0.27085
,-0.27058
,-0.27032
,-0.27006
,-0.26979
,-0.26953
,-0.26926
,-0.26900
,-0.26873
,-0.26847
,-0.26820
,-0.26794
,-0.26767
,-0.26741
,-0.26714
,-0.26688
,-0.26661
,-0.26634
,-0.26608
,-0.26581
,-0.26555
,-0.26528
,-0.26501
,-0.26475
,-0.26448
,-0.26421
,-0.26395
,-0.26368
,-0.26341
,-0.26315
,-0.26288
,-0.26261
,-0.26234
,-0.26208
,-0.26181
,-0.26154
,-0.26127
,-0.26100
,-0.26074
,-0.26047
,-0.26020
,-0.25993
,-0.25966
,-0.25940
,-0.25913
,-0.25886
,-0.25859
,-0.25832
,-0.25805
,-0.25778
,-0.25751
,-0.25724
,-0.25697
,-0.25670
,-0.25643
,-0.25616
,-0.25589
,-0.25562
,-0.25535
,-0.25508
,-0.25481
,-0.25454
,-0.25427
,-0.25400
,-0.25373
,-0.25346
,-0.25319
,-0.25292
,-0.25265
,-0.25238
,-0.25211
,-0.25183
,-0.25156
,-0.25129
,-0.25102
,-0.25075
,-0.25048
,-0.25020
,-0.24993
,-0.24966
,-0.24939
,-0.24912
,-0.24884
,-0.24857
,-0.24830
,-0.24802
,-0.24775
,-0.24748
,-0.24721
,-0.24693
,-0.24666
,-0.24639
,-0.24611
,-0.24584
,-0.24557
,-0.24529
,-0.24502
,-0.24474
,-0.24447
,-0.24420
,-0.24392
,-0.24365
,-0.24337
,-0.24310
,-0.24282
,-0.24255
,-0.24227
,-0.24200
,-0.24172
,-0.24145
,-0.24117
,-0.24090
,-0.24062
,-0.24035
,-0.24007
,-0.23980
,-0.23952
,-0.23925
,-0.23897
,-0.23869
,-0.23842
,-0.23814
,-0.23786
,-0.23759
,-0.23731
,-0.23704
,-0.23676
,-0.23648
,-0.23620
,-0.23593
,-0.23565
,-0.23537
,-0.23510
,-0.23482
,-0.23454
,-0.23426
,-0.23399
,-0.23371
,-0.23343
,-0.23315
,-0.23288
,-0.23260
,-0.23232
,-0.23204
,-0.23176
,-0.23148
,-0.23121
,-0.23093
,-0.23065
,-0.23037
,-0.23009
,-0.22981
,-0.22953
,-0.22925
,-0.22897
,-0.22869
,-0.22841
,-0.22814
,-0.22786
,-0.22758
,-0.22730
,-0.22702
,-0.22674
,-0.22646
,-0.22618
,-0.22590
,-0.22562
,-0.22534
,-0.22505
,-0.22477
,-0.22449
,-0.22421
,-0.22393
,-0.22365
,-0.22337
,-0.22309
,-0.22281
,-0.22253
,-0.22224
,-0.22196
,-0.22168
,-0.22140
,-0.22112
,-0.22084
,-0.22055
,-0.22027
,-0.21999
,-0.21971
,-0.21943
,-0.21914
,-0.21886
,-0.21858
,-0.21830
,-0.21801
,-0.21773
,-0.21745
,-0.21716
,-0.21688
,-0.21660
,-0.21631
,-0.21603
,-0.21575
,-0.21546
,-0.21518
,-0.21490
,-0.21461
,-0.21433
,-0.21405
,-0.21376
,-0.21348
,-0.21319
,-0.21291
,-0.21263
,-0.21234
,-0.21206
,-0.21177
,-0.21149
,-0.21120
,-0.21092
,-0.21063
,-0.21035
,-0.21006
,-0.20978
,-0.20949
,-0.20921
,-0.20892
,-0.20864
,-0.20835
,-0.20806
,-0.20778
,-0.20749
,-0.20721
,-0.20692
,-0.20664
,-0.20635
,-0.20606
,-0.20578
,-0.20549
,-0.20520
,-0.20492
,-0.20463
,-0.20434
,-0.20406
,-0.20377
,-0.20348
,-0.20320
,-0.20291
,-0.20262
,-0.20233
,-0.20205
,-0.20176
,-0.20147
,-0.20118
,-0.20090
,-0.20061
,-0.20032
,-0.20003
,-0.19975
,-0.19946
,-0.19917
,-0.19888
,-0.19859
,-0.19830
,-0.19802
,-0.19773
,-0.19744
,-0.19715
,-0.19686
,-0.19657
,-0.19628
,-0.19599
,-0.19571
,-0.19542
,-0.19513
,-0.19484
,-0.19455
,-0.19426
,-0.19397
,-0.19368
,-0.19339
,-0.19310
,-0.19281
,-0.19252
,-0.19223
,-0.19194
,-0.19165
,-0.19136
,-0.19107
,-0.19078
,-0.19049
,-0.19020
,-0.18991
,-0.18962
,-0.18933
,-0.18904
,-0.18874
,-0.18845
,-0.18816
,-0.18787
,-0.18758
,-0.18729
,-0.18700
,-0.18671
,-0.18641
,-0.18612
,-0.18583
,-0.18554
,-0.18525
,-0.18496
,-0.18466
,-0.18437
,-0.18408
,-0.18379
,-0.18350
,-0.18320
,-0.18291
,-0.18262
,-0.18233
,-0.18203
,-0.18174
,-0.18145
,-0.18115
,-0.18086
,-0.18057
,-0.18028
,-0.17998
,-0.17969
,-0.17940
,-0.17910
,-0.17881
,-0.17852
,-0.17822
,-0.17793
,-0.17764
,-0.17734
,-0.17705
,-0.17675
,-0.17646
,-0.17617
,-0.17587
,-0.17558
,-0.17528
,-0.17499
,-0.17470
,-0.17440
,-0.17411
,-0.17381
,-0.17352
,-0.17322
,-0.17293
,-0.17263
,-0.17234
,-0.17204
,-0.17175
,-0.17145
,-0.17116
,-0.17086
,-0.17057
,-0.17027
,-0.16998
,-0.16968
,-0.16939
,-0.16909
,-0.16879
,-0.16850
,-0.16820
,-0.16791
,-0.16761
,-0.16731
,-0.16702
,-0.16672
,-0.16643
,-0.16613
,-0.16583
,-0.16554
,-0.16524
,-0.16494
,-0.16465
,-0.16435
,-0.16405
,-0.16376
,-0.16346
,-0.16316
,-0.16287
,-0.16257
,-0.16227
,-0.16197
,-0.16168
,-0.16138
,-0.16108
,-0.16078
,-0.16049
,-0.16019
,-0.15989
,-0.15959
,-0.15930
,-0.15900
,-0.15870
,-0.15840
,-0.15810
,-0.15781
,-0.15751
,-0.15721
,-0.15691
,-0.15661
,-0.15632
,-0.15602
,-0.15572
,-0.15542
,-0.15512
,-0.15482
,-0.15452
,-0.15422
,-0.15393
,-0.15363
,-0.15333
,-0.15303
,-0.15273
,-0.15243
,-0.15213
,-0.15183
,-0.15153
,-0.15123
,-0.15093
,-0.15063
,-0.15033
,-0.15003
,-0.14973
,-0.14943
,-0.14914
,-0.14884
,-0.14854
,-0.14824
,-0.14794
,-0.14763
,-0.14733
,-0.14703
,-0.14673
,-0.14643
,-0.14613
,-0.14583
,-0.14553
,-0.14523
,-0.14493
,-0.14463
,-0.14433
,-0.14403
,-0.14373
,-0.14343
,-0.14313
,-0.14282
,-0.14252
,-0.14222
,-0.14192
,-0.14162
,-0.14132
,-0.14102
,-0.14072
,-0.14041
,-0.14011
,-0.13981
,-0.13951
,-0.13921
,-0.13891
,-0.13860
,-0.13830
,-0.13800
,-0.13770
,-0.13740
,-0.13709
,-0.13679
,-0.13649
,-0.13619
,-0.13588
,-0.13558
,-0.13528
,-0.13498
,-0.13467
,-0.13437
,-0.13407
,-0.13377
,-0.13346
,-0.13316
,-0.13286
,-0.13256
,-0.13225
,-0.13195
,-0.13165
,-0.13134
,-0.13104
,-0.13074
,-0.13043
,-0.13013
,-0.12983
,-0.12952
,-0.12922
,-0.12892
,-0.12861
,-0.12831
,-0.12801
,-0.12770
,-0.12740
,-0.12709
,-0.12679
,-0.12649
,-0.12618
,-0.12588
,-0.12557
,-0.12527
,-0.12497
,-0.12466
,-0.12436
,-0.12405
,-0.12375
,-0.12344
,-0.12314
,-0.12283
,-0.12253
,-0.12223
,-0.12192
,-0.12162
,-0.12131
,-0.12101
,-0.12070
,-0.12040
,-0.12009
,-0.11979
,-0.11948
,-0.11918
,-0.11887
,-0.11857
,-0.11826
,-0.11796
,-0.11765
,-0.11735
,-0.11704
,-0.11673
,-0.11643
,-0.11612
,-0.11582
,-0.11551
,-0.11521
,-0.11490
,-0.11459
,-0.11429
,-0.11398
,-0.11368
,-0.11337
,-0.11306
,-0.11276
,-0.11245
,-0.11215
,-0.11184
,-0.11153
,-0.11123
,-0.11092
,-0.11061
,-0.11031
,-0.11000
,-0.10970
,-0.10939
,-0.10908
,-0.10878
,-0.10847
,-0.10816
,-0.10786
,-0.10755
,-0.10724
,-0.10693
,-0.10663
,-0.10632
,-0.10601
,-0.10571
,-0.10540
,-0.10509
,-0.10479
,-0.10448
,-0.10417
,-0.10386
,-0.10356
,-0.10325
,-0.10294
,-0.10263
,-0.10233
,-0.10202
,-0.10171
,-0.10140
,-0.10110
,-0.10079
,-0.10048
,-0.10017
,-0.09986
,-0.09956
,-0.09925
,-0.09894
,-0.09863
,-0.09833
,-0.09802
,-0.09771
,-0.09740
,-0.09709
,-0.09678
,-0.09648
,-0.09617
,-0.09586
,-0.09555
,-0.09524
,-0.09493
,-0.09463
,-0.09432
,-0.09401
,-0.09370
,-0.09339
,-0.09308
,-0.09277
,-0.09247
,-0.09216
,-0.09185
,-0.09154
,-0.09123
,-0.09092
,-0.09061
,-0.09030
,-0.08999
,-0.08968
,-0.08938
,-0.08907
,-0.08876
,-0.08845
,-0.08814
,-0.08783
,-0.08752
,-0.08721
,-0.08690
,-0.08659
,-0.08628
,-0.08597
,-0.08566
,-0.08535
,-0.08504
,-0.08473
,-0.08443
,-0.08412
,-0.08381
,-0.08350
,-0.08319
,-0.08288
,-0.08257
,-0.08226
,-0.08195
,-0.08164
,-0.08133
,-0.08102
,-0.08071
,-0.08040
,-0.08009
,-0.07978
,-0.07947
,-0.07916
,-0.07885
,-0.07854
,-0.07822
,-0.07791
,-0.07760
,-0.07729
,-0.07698
,-0.07667
,-0.07636
,-0.07605
,-0.07574
,-0.07543
,-0.07512
,-0.07481
,-0.07450
,-0.07419
,-0.07388
,-0.07357
,-0.07326
,-0.07295
,-0.07263
,-0.07232
,-0.07201
,-0.07170
,-0.07139
,-0.07108
,-0.07077
,-0.07046
,-0.07015
,-0.06984
,-0.06952
,-0.06921
,-0.06890
,-0.06859
,-0.06828
,-0.06797
,-0.06766
,-0.06735
,-0.06703
,-0.06672
,-0.06641
,-0.06610
,-0.06579
,-0.06548
,-0.06517
,-0.06485
,-0.06454
,-0.06423
,-0.06392
,-0.06361
,-0.06330
,-0.06298
,-0.06267
,-0.06236
,-0.06205
,-0.06174
,-0.06143
,-0.06111
,-0.06080
,-0.06049
,-0.06018
,-0.05987
,-0.05955
,-0.05924
,-0.05893
,-0.05862
,-0.05831
,-0.05799
,-0.05768
,-0.05737
,-0.05706
,-0.05675
,-0.05643
,-0.05612
,-0.05581
,-0.05550
,-0.05518
,-0.05487
,-0.05456
,-0.05425
,-0.05394
,-0.05362
,-0.05331
,-0.05300
,-0.05269
,-0.05237
,-0.05206
,-0.05175
,-0.05144
,-0.05112
,-0.05081
,-0.05050
,-0.05019
,-0.04987
,-0.04956
,-0.04925
,-0.04894
,-0.04862
,-0.04831
,-0.04800
,-0.04768
,-0.04737
,-0.04706
,-0.04675
,-0.04643
,-0.04612
,-0.04581
,-0.04549
,-0.04518
,-0.04487
,-0.04456
,-0.04424
,-0.04393
,-0.04362
,-0.04330
,-0.04299
,-0.04268
,-0.04236
,-0.04205
,-0.04174
,-0.04143
,-0.04111
,-0.04080
,-0.04049
,-0.04017
,-0.03986
,-0.03955
,-0.03923
,-0.03892
,-0.03861
,-0.03829
,-0.03798
,-0.03767
,-0.03735
,-0.03704
,-0.03673
,-0.03641
,-0.03610
,-0.03579
,-0.03547
,-0.03516
,-0.03485
,-0.03453
,-0.03422
,-0.03391
,-0.03359
,-0.03328
,-0.03297
,-0.03265
,-0.03234
,-0.03203
,-0.03171
,-0.03140
,-0.03108
,-0.03077
,-0.03046
,-0.03014
,-0.02983
,-0.02952
,-0.02920
,-0.02889
,-0.02858
,-0.02826
,-0.02795
,-0.02763
,-0.02732
,-0.02701
,-0.02669
,-0.02638
,-0.02607
,-0.02575
,-0.02544
,-0.02512
,-0.02481
,-0.02450
,-0.02418
,-0.02387
,-0.02356
,-0.02324
,-0.02293
,-0.02261
,-0.02230
,-0.02199
,-0.02167
,-0.02136
,-0.02104
,-0.02073
,-0.02042
,-0.02010
,-0.01979
,-0.01947
,-0.01916
,-0.01885
,-0.01853
,-0.01822
,-0.01791
,-0.01759
,-0.01728
,-0.01696
,-0.01665
,-0.01634
,-0.01602
,-0.01571
,-0.01539
,-0.01508
,-0.01476
,-0.01445
,-0.01414
,-0.01382
,-0.01351
,-0.01319
,-0.01288
,-0.01257
,-0.01225
,-0.01194
,-0.01162
,-0.01131
,-0.01100
,-0.01068
,-0.01037
,-0.01005
,-0.00974
,-0.00943
,-0.00911
,-0.00880
,-0.00848
,-0.00817
,-0.00785
,-0.00754
,-0.00723
,-0.00691
,-0.00660
,-0.00628
,-0.00597
,-0.00566
,-0.00534
,-0.00503
,-0.00471
,-0.00440
,-0.00408
,-0.00377
,-0.00346
,-0.00314
,-0.00283
,-0.00251
,-0.00220
,-0.00189
,-0.00157
,-0.00126
,-0.00094
,-0.00063
,-0.00031
,-0.00000

